<?xml version="1.0" encoding="utf-8"?>
<fonts>
    <fontset id="Default" idloc="31390">
        <font>
            <name>WindowTitleFont</name>
            <filename>Ubuntu-R.ttf</filename>
            <size>50</size>
            <style>bold</style>
        </font>
        <font>
            <name>WindowTitleSubFont</name>
            <filename>Ubuntu-R.ttf</filename>
            <size>26</size>
        </font>
        <font>
            <name>LeftMenuTitleFont</name>
            <filename>Ubuntu-R.ttf</filename>
            <size>20</size>
        </font>
        <font>
            <name>HomeItemFont</name>
            <filename>Ubuntu-R.ttf</filename>
            <size>45</size>
            <style>bold</style>
            <aspect>1</aspect>
        </font>
        <font>
            <name>NotificationFont</name>
            <filename>Ubuntu-R.ttf</filename>
            <size>36</size>
        </font>
        <font>
            <name>NotificationFontDouble</name>
            <filename>Ubuntu-R.ttf</filename>
            <size>36</size>
            <style>bold</style>
        </font>
        <font>
            <name>NotificationFontAwesome</name>
            <filename>fontawesome-webfont.ttf</filename>
            <size>24</size>
        </font>
        <font>
            <name>NotificationFontDoubleAwesome</name>
            <filename>fontawesome-webfont.ttf</filename>
            <size>24</size>
            <style>bold</style>
        </font>
        <font>
            <name>OSDTitleFont</name>
            <filename>Ubuntu-R.ttf</filename>
            <size>32</size>
            <style>bold</style>
        </font>
        <font>
            <name>OSDFont</name>
            <filename>Ubuntu-R.ttf</filename>
            <size>32</size>
        </font>
        <font>
            <name>WidgetTitleFont</name>
            <filename>Ubuntu-R.ttf</filename>
            <size>28</size>
            <style>bold</style>
        </font>
        <font>
            <name>WidgetFont</name>
            <filename>Ubuntu-R.ttf</filename>
            <size>24</size>
        </font>
        <font>
            <name>LeftMenuButtonFont</name>
            <filename>Ubuntu-R.ttf</filename>
            <size>36</size>
        </font>
        <font>
            <name>LeftMenuSubButtonFont</name>
            <filename>Ubuntu-R.ttf</filename>
            <size>25</size>
        </font>
        <font>
            <name>DialogSubFont</name>
            <filename>Ubuntu-R.ttf</filename>
            <size>28</size>
        </font>
        <font>
            <name>FacadeListMainFont</name>
            <filename>Ubuntu-R.ttf</filename>
            <size>36</size>
        </font>
        <font>
            <name>FacadeListSubFont</name>
            <filename>Ubuntu-R.ttf</filename>
            <size>28</size>
        </font>
        <font>
            <name>InfoTitleFont</name>
            <filename>Ubuntu-R.ttf</filename>
            <size>45</size>
            <style>bold</style>
        </font>
        <font>
            <name>InfoTitleSubFont</name>
            <filename>Ubuntu-R.ttf</filename>
            <size>24</size>
        </font>
        <font>
            <name>InfoPlotFont</name>
            <filename>Ubuntu-R.ttf</filename>
            <size>36</size>
            <linespacing>1.00</linespacing>
            <aspect>1.0</aspect>
        </font>
        <font>
            <name>InfoDetailsFont</name>
            <filename>Ubuntu-R.ttf</filename>
            <size>36</size>
        </font>
        <font>
            <name>InfoDetailsFontBig</name>
            <filename>Ubuntu-R.ttf</filename>
            <size>39</size>
        </font>
        <font>
            <name>InfoRatingFont</name>
            <filename>Ubuntu-R.ttf</filename>
            <size>33</size>
        </font>
        <font>
            <name>TvGuideChannelFont</name>
            <filename>Ubuntu-R.ttf</filename>
            <size>31</size>
        </font>
        <font>
            <name>TvGuideItemFont</name>
            <filename>Ubuntu-R.ttf</filename>
            <size>34</size>
        </font>
        <font>
            <name>TvGuideHeaderFont</name>
            <filename>Ubuntu-R.ttf</filename>
            <size>34</size>
        </font>
        <font>
            <name>ButtonFont</name>
            <filename>Ubuntu-R.ttf</filename>
            <size>36</size>
        </font>
        <font>
            <name>SmallButtonFont</name>
            <filename>Ubuntu-R.ttf</filename>
            <size>31</size>
        </font>
        <font>
            <name>BadgeFont</name>
            <filename>Ubuntu-R.ttf</filename>
            <size>26</size>
            <aspect>0.95</aspect>
        </font>
        <font>
            <name>rss</name>
            <filename>Ubuntu-R.ttf</filename>
            <size>25</size>
        </font>
        <!--ADDON COMPATIBILITY-->
        <font>
            <name>font13</name>
            <filename>Ubuntu-R.ttf</filename>
            <size>25</size>
        </font>
        <font>
            <name>font12</name>
            <filename>Ubuntu-R.ttf</filename>
            <size>24</size>
        </font>
        <font>
            <name>font13_title</name>
            <filename>Ubuntu-R.ttf</filename>
            <size>25</size>
            <style>bold</style>
        </font>
        <font>
            <name>font12_title</name>
            <filename>Ubuntu-R.ttf</filename>
            <size>24</size>
            <style>bold</style>
        </font>
        <font>        
            <name>Clock</name>
            <filename>Ubuntu-R.ttf</filename>
            <size>120</size>
        </font>        
    </fontset>
    <fontset id="UbuntuLight" idloc="31396">
        <font>
            <name>WindowTitleFont</name>
            <filename>Ubuntu-L.ttf</filename>
            <size>50</size>
            <style>bold</style>
        </font>
        <font>
            <name>WindowTitleSubFont</name>
            <filename>Ubuntu-L.ttf</filename>
            <size>26</size>
        </font>
        <font>
            <name>LeftMenuTitleFont</name>
            <filename>Ubuntu-L.ttf</filename>
            <size>20</size>
        </font>
        <font>
            <name>HomeItemFont</name>
            <filename>Ubuntu-L.ttf</filename>
            <size>45</size>
            <style>bold</style>
            <aspect>1</aspect>
        </font>
        <font>
            <name>NotificationFont</name>
            <filename>Ubuntu-L.ttf</filename>
            <size>36</size>
        </font>
        <font>
            <name>NotificationFontDouble</name>
            <filename>Ubuntu-L.ttf</filename>
            <size>36</size>
            <style>bold</style>
        </font>
        <font>
            <name>NotificationFontAwesome</name>
            <filename>fontawesome-webfont.ttf</filename>
            <size>24</size>
        </font>
        <font>
            <name>NotificationFontDoubleAwesome</name>
            <filename>fontawesome-webfont.ttf</filename>
            <size>24</size>
            <style>bold</style>
        </font>
        <font>
            <name>OSDTitleFont</name>
            <filename>Ubuntu-L.ttf</filename>
            <size>32</size>
            <style>bold</style>
        </font>
        <font>
            <name>OSDFont</name>
            <filename>Ubuntu-L.ttf</filename>
            <size>32</size>
        </font>
        <font>
            <name>WidgetTitleFont</name>
            <filename>Ubuntu-L.ttf</filename>
            <size>28</size>
            <style>bold</style>
        </font>
        <font>
            <name>WidgetFont</name>
            <filename>Ubuntu-L.ttf</filename>
            <size>24</size>
        </font>
        <font>
            <name>LeftMenuButtonFont</name>
            <filename>Ubuntu-L.ttf</filename>
            <size>36</size>
        </font>
        <font>
            <name>LeftMenuSubButtonFont</name>
            <filename>Ubuntu-L.ttf</filename>
            <size>25</size>
        </font>
        <font>
            <name>DialogSubFont</name>
            <filename>Ubuntu-L.ttf</filename>
            <size>28</size>
        </font>
        <font>
            <name>FacadeListMainFont</name>
            <filename>Ubuntu-L.ttf</filename>
            <size>36</size>
        </font>
        <font>
            <name>FacadeListSubFont</name>
            <filename>Ubuntu-L.ttf</filename>
            <size>28</size>
        </font>
        <font>
            <name>InfoTitleFont</name>
            <filename>Ubuntu-L.ttf</filename>
            <size>45</size>
            <style>bold</style>
        </font>
        <font>
            <name>InfoTitleSubFont</name>
            <filename>Ubuntu-L.ttf</filename>
            <size>24</size>
        </font>
        <font>
            <name>InfoPlotFont</name>
            <filename>Ubuntu-L.ttf</filename>
            <size>36</size>
            <linespacing>1.00</linespacing>
            <aspect>1.0</aspect>
        </font>
        <font>
            <name>InfoDetailsFont</name>
            <filename>Ubuntu-L.ttf</filename>
            <size>36</size>
        </font>
        <font>
            <name>InfoDetailsFontBig</name>
            <filename>Ubuntu-L.ttf</filename>
            <size>39</size>
        </font>
        <font>
            <name>InfoRatingFont</name>
            <filename>Ubuntu-L.ttf</filename>
            <size>33</size>
        </font>
        <font>
            <name>TvGuideChannelFont</name>
            <filename>Ubuntu-L.ttf</filename>
            <size>31</size>
        </font>
        <font>
            <name>TvGuideItemFont</name>
            <filename>Ubuntu-L.ttf</filename>
            <size>34</size>
        </font>
        <font>
            <name>TvGuideHeaderFont</name>
            <filename>Ubuntu-L.ttf</filename>
            <size>34</size>
        </font>
        <font>
            <name>ButtonFont</name>
            <filename>Ubuntu-L.ttf</filename>
            <size>36</size>
        </font>
        <font>
            <name>SmallButtonFont</name>
            <filename>Ubuntu-L.ttf</filename>
            <size>31</size>
        </font>
        <font>
            <name>BadgeFont</name>
            <filename>Ubuntu-L.ttf</filename>
            <size>26</size>
            <aspect>0.95</aspect>
        </font>
        <font>
            <name>rss</name>
            <filename>Ubuntu-L.ttf</filename>
            <size>25</size>
        </font>
        <!--ADDON COMPATIBILITY-->
        <font>
            <name>font13</name>
            <filename>Ubuntu-L.ttf</filename>
            <size>25</size>
        </font>
        <font>
            <name>font12</name>
            <filename>Ubuntu-L.ttf</filename>
            <size>24</size>
        </font>
        <font>
            <name>font13_title</name>
            <filename>Ubuntu-L.ttf</filename>
            <size>25</size>
            <style>bold</style>
        </font>
        <font>
            <name>font12_title</name>
            <filename>Ubuntu-L.ttf</filename>
            <size>24</size>
            <style>bold</style>
        </font>
        <font>
            <name>Clock</name>
            <filename>Ubuntu-L.ttf</filename>
            <size>120</size>
        </font>
    </fontset>
    <fontset id="UbuntuMedium" idloc="31391">
        <font>
            <name>WindowTitleFont</name>
            <filename>Ubuntu-M.ttf</filename>
            <size>50</size>
            <style>bold</style>
        </font>
        <font>
            <name>WindowTitleSubFont</name>
            <filename>Ubuntu-M.ttf</filename>
            <size>26</size>
        </font>
        <font>
            <name>LeftMenuTitleFont</name>
            <filename>Ubuntu-M.ttf</filename>
            <size>20</size>
        </font>
        <font>
            <name>HomeItemFont</name>
            <filename>Ubuntu-M.ttf</filename>
            <size>45</size>
            <style>bold</style>
            <aspect>1</aspect>
        </font>
        <font>
            <name>NotificationFont</name>
            <filename>Ubuntu-M.ttf</filename>
            <size>36</size>
        </font>
        <font>
            <name>NotificationFontDouble</name>
            <filename>Ubuntu-M.ttf</filename>
            <size>36</size>
            <style>bold</style>
        </font>
        <font>
            <name>NotificationFontAwesome</name>
            <filename>fontawesome-webfont.ttf</filename>
            <size>24</size>
        </font>
        <font>
            <name>NotificationFontDoubleAwesome</name>
            <filename>fontawesome-webfont.ttf</filename>
            <size>24</size>
            <style>bold</style>
        </font>
        <font>
            <name>OSDTitleFont</name>
            <filename>Ubuntu-M.ttf</filename>
            <size>32</size>
            <style>bold</style>
        </font>
        <font>
            <name>OSDFont</name>
            <filename>Ubuntu-M.ttf</filename>
            <size>32</size>
        </font>
        <font>
            <name>WidgetTitleFont</name>
            <filename>Ubuntu-M.ttf</filename>
            <size>28</size>
            <style>bold</style>
        </font>
        <font>
            <name>WidgetFont</name>
            <filename>Ubuntu-M.ttf</filename>
            <size>24</size>
        </font>
        <font>
            <name>LeftMenuButtonFont</name>
            <filename>Ubuntu-M.ttf</filename>
            <size>36</size>
        </font>
        <font>
            <name>LeftMenuSubButtonFont</name>
            <filename>Ubuntu-M.ttf</filename>
            <size>25</size>
        </font>
        <font>
            <name>DialogSubFont</name>
            <filename>Ubuntu-M.ttf</filename>
            <size>28</size>
        </font>
        <font>
            <name>FacadeListMainFont</name>
            <filename>Ubuntu-M.ttf</filename>
            <size>36</size>
        </font>
        <font>
            <name>FacadeListSubFont</name>
            <filename>Ubuntu-M.ttf</filename>
            <size>28</size>
        </font>
        <font>
            <name>InfoTitleFont</name>
            <filename>Ubuntu-M.ttf</filename>
            <size>45</size>
            <style>bold</style>
        </font>
        <font>
            <name>InfoTitleSubFont</name>
            <filename>Ubuntu-M.ttf</filename>
            <size>24</size>
        </font>
        <font>
            <name>InfoPlotFont</name>
            <filename>Ubuntu-M.ttf</filename>
            <size>36</size>
            <linespacing>1.00</linespacing>
            <aspect>1.0</aspect>
        </font>
        <font>
            <name>InfoDetailsFont</name>
            <filename>Ubuntu-M.ttf</filename>
            <size>36</size>
        </font>
        <font>
            <name>InfoDetailsFontBig</name>
            <filename>Ubuntu-M.ttf</filename>
            <size>39</size>
        </font>
        <font>
            <name>InfoRatingFont</name>
            <filename>Ubuntu-M.ttf</filename>
            <size>33</size>
        </font>
        <font>
            <name>TvGuideChannelFont</name>
            <filename>Ubuntu-M.ttf</filename>
            <size>31</size>
        </font>
        <font>
            <name>TvGuideItemFont</name>
            <filename>Ubuntu-M.ttf</filename>
            <size>34</size>
        </font>
        <font>
            <name>TvGuideHeaderFont</name>
            <filename>Ubuntu-M.ttf</filename>
            <size>34</size>
        </font>
        <font>
            <name>ButtonFont</name>
            <filename>Ubuntu-M.ttf</filename>
            <size>36</size>
        </font>
        <font>
            <name>SmallButtonFont</name>
            <filename>Ubuntu-M.ttf</filename>
            <size>31</size>
        </font>
        <font>
            <name>BadgeFont</name>
            <filename>Ubuntu-M.ttf</filename>
            <size>26</size>
            <aspect>0.95</aspect>
        </font>
        <font>
            <name>rss</name>
            <filename>Ubuntu-M.ttf</filename>
            <size>25</size>
        </font>
        <!--ADDON COMPATIBILITY-->
        <font>
            <name>font13</name>
            <filename>Ubuntu-M.ttf</filename>
            <size>25</size>
        </font>
        <font>
            <name>font12</name>
            <filename>Ubuntu-M.ttf</filename>
            <size>24</size>
        </font>
        <font>
            <name>font13_title</name>
            <filename>Ubuntu-M.ttf</filename>
            <size>25</size>
            <style>bold</style>
        </font>
        <font>
            <name>font12_title</name>
            <filename>Ubuntu-M.ttf</filename>
            <size>24</size>
            <style>bold</style>
        </font>
        <font>        
            <name>Clock</name>
            <filename>Ubuntu-M.ttf</filename>
            <size>120</size>
        </font>          
    </fontset>
    <fontset id="Asap" idloc="31392">
        <font>
            <name>WindowTitleFont</name>
            <filename>Asap-Regular.ttf</filename>
            <size>50</size>
            <style>bold</style>
        </font>
        <font>
            <name>WindowTitleSubFont</name>
            <filename>Asap-Regular.ttf</filename>
            <size>26</size>
        </font>
        <font>
            <name>LeftMenuTitleFont</name>
            <filename>Asap-Regular.ttf</filename>
            <size>20</size>
        </font>
        <font>
            <name>HomeItemFont</name>
            <filename>Asap-Regular.ttf</filename>
            <size>45</size>
            <style>bold</style>
            <aspect>1</aspect>
        </font>
        <font>
            <name>NotificationFont</name>
            <filename>Asap-Regular.ttf</filename>
            <size>36</size>
        </font>
        <font>
            <name>NotificationFontDouble</name>
            <filename>Asap-Regular.ttf</filename>
            <size>36</size>
            <style>bold</style>
        </font>
        <font>
            <name>NotificationFontAwesome</name>
            <filename>fontawesome-webfont.ttf</filename>
            <size>24</size>
        </font>
        <font>
            <name>NotificationFontDoubleAwesome</name>
            <filename>fontawesome-webfont.ttf</filename>
            <size>24</size>
            <style>bold</style>
        </font>
        <font>
            <name>OSDTitleFont</name>
            <filename>Asap-Regular.ttf</filename>
            <size>32</size>
            <style>bold</style>
        </font>
        <font>
            <name>OSDFont</name>
            <filename>Asap-Regular.ttf</filename>
            <size>32</size>
        </font>
        <font>
            <name>WidgetTitleFont</name>
            <filename>Asap-Regular.ttf</filename>
            <size>28</size>
            <style>bold</style>
        </font>
        <font>
            <name>WidgetFont</name>
            <filename>Asap-Regular.ttf</filename>
            <size>24</size>
        </font>
        <font>
            <name>LeftMenuButtonFont</name>
            <filename>Asap-Regular.ttf</filename>
            <size>36</size>
        </font>
        <font>
            <name>LeftMenuSubButtonFont</name>
            <filename>Asap-Regular.ttf</filename>
            <size>25</size>
        </font>
        <font>
            <name>DialogSubFont</name>
            <filename>Asap-Regular.ttf</filename>
            <size>28</size>
        </font>
        <font>
            <name>FacadeListMainFont</name>
            <filename>Asap-Regular.ttf</filename>
            <size>36</size>
        </font>
        <font>
            <name>FacadeListSubFont</name>
            <filename>Asap-Regular.ttf</filename>
            <size>28</size>
        </font>
        <font>
            <name>InfoTitleFont</name>
            <filename>Asap-Regular.ttf</filename>
            <size>45</size>
            <style>bold</style>
        </font>
        <font>
            <name>InfoTitleSubFont</name>
            <filename>Asap-Regular.ttf</filename>
            <size>24</size>
        </font>
        <font>
            <name>InfoPlotFont</name>
            <filename>Asap-Regular.ttf</filename>
            <size>36</size>
            <linespacing>1.00</linespacing>
            <aspect>1.0</aspect>
        </font>
        <font>
            <name>InfoDetailsFont</name>
            <filename>Asap-Regular.ttf</filename>
            <size>36</size>
        </font>
        <font>
            <name>InfoDetailsFontBig</name>
            <filename>Asap-Regular.ttf</filename>
            <size>39</size>
        </font>
        <font>
            <name>InfoRatingFont</name>
            <filename>Asap-Regular.ttf</filename>
            <size>33</size>
        </font>
        <font>
            <name>TvGuideChannelFont</name>
            <filename>Asap-Regular.ttf</filename>
            <size>31</size>
        </font>
        <font>
            <name>TvGuideItemFont</name>
            <filename>Asap-Regular.ttf</filename>
            <size>34</size>
        </font>
        <font>
            <name>TvGuideHeaderFont</name>
            <filename>Asap-Regular.ttf</filename>
            <size>34</size>
        </font>
        <font>
            <name>ButtonFont</name>
            <filename>Asap-Regular.ttf</filename>
            <size>36</size>
        </font>
        <font>
            <name>SmallButtonFont</name>
            <filename>Asap-Regular.ttf</filename>
            <size>31</size>
        </font>
        <font>
            <name>BadgeFont</name>
            <filename>Asap-Regular.ttf</filename>
            <size>26</size>
            <aspect>0.95</aspect>
        </font>
        <font>
            <name>rss</name>
            <filename>Asap-Regular.ttf</filename>
            <size>25</size>
        </font>
        <!--ADDON COMPATIBILITY-->
        <font>
            <name>font13</name>
            <filename>Asap-Regular.ttf</filename>
            <size>25</size>
        </font>
        <font>
            <name>font12</name>
            <filename>Asap-Regular.ttf</filename>
            <size>24</size>
        </font>
        <font>
            <name>font13_title</name>
            <filename>Asap-Regular.ttf</filename>
            <size>25</size>
            <style>bold</style>
        </font>
        <font>
            <name>font12_title</name>
            <filename>Asap-Regular.ttf</filename>
            <size>24</size>
            <style>bold</style>
        </font>
        <font>        
            <name>Clock</name>
            <filename>Asap-Regular.ttf</filename>
            <size>120</size>
        </font>          
    </fontset>
    <fontset id="DejaVuSans" idloc="31393">
        <font>
            <name>WindowTitleFont</name>
            <filename>DejaVuSans.ttf</filename>
            <size>47</size>
            <style>bold</style>
            <aspect>0.93</aspect>
        </font>
        <font>
            <name>WindowTitleSubFont</name>
            <filename>DejaVuSans.ttf</filename>
            <size>25</size>
            <aspect>0.93</aspect>
        </font>
        <font>
            <name>LeftMenuTitleFont</name>
            <filename>DejaVuSans.ttf</filename>
            <size>19</size>
            <aspect>0.93</aspect>
        </font>
        <font>
            <name>HomeItemFont</name>
            <filename>DejaVuSans.ttf</filename>
            <size>42</size>
            <style>bold</style>
            <aspect>0.93</aspect>
        </font>
        <font>
            <name>NotificationFont</name>
            <filename>DejaVuSans.ttf</filename>
            <size>34</size>
            <aspect>0.93</aspect>
        </font>
        <font>
            <name>NotificationFontDouble</name>
            <filename>DejaVuSans.ttf</filename>
            <size>34</size>
            <style>bold</style>
            <aspect>0.93</aspect>
        </font>
        <font>
            <name>NotificationFontAwesome</name>
            <filename>fontawesome-webfont.ttf</filename>
            <size>24</size>
        </font>
        <font>
            <name>NotificationFontDoubleAwesome</name>
            <filename>fontawesome-webfont.ttf</filename>
            <size>24</size>
            <style>bold</style>
        </font>
        <font>
            <name>OSDTitleFont</name>
            <filename>DejaVuSans.ttf</filename>
            <size>30</size>
            <style>bold</style>
            <aspect>0.93</aspect>
        </font>
        <font>
            <name>OSDFont</name>
            <filename>DejaVuSans.ttf</filename>
            <size>30</size>
            <aspect>0.93</aspect>
        </font>
        <font>
            <name>WidgetTitleFont</name>
            <filename>Asap-Regular.ttf</filename>
            <size>27</size>
            <style>bold</style>
            <aspect>0.93</aspect>
        </font>
        <font>
            <name>WidgetFont</name>
            <filename>Asap-Regular.ttf</filename>
            <size>23</size>
            <aspect>0.93</aspect>
        </font>
        <font>
            <name>LeftMenuButtonFont</name>
            <filename>DejaVuSans.ttf</filename>
            <size>34</size>
            <aspect>0.93</aspect>
        </font>
        <font>
            <name>LeftMenuSubButtonFont</name>
            <filename>DejaVuSans.ttf</filename>
            <size>24</size>
            <aspect>0.93</aspect>
        </font>
        <font>
            <name>DialogSubFont</name>
            <filename>DejaVuSans.ttf</filename>
            <size>27</size>
            <aspect>0.93</aspect>
        </font>
        <font>
            <name>FacadeListMainFont</name>
            <filename>DejaVuSans.ttf</filename>
            <size>34</size>
            <aspect>0.93</aspect>
        </font>
        <font>
            <name>FacadeListSubFont</name>
            <filename>DejaVuSans.ttf</filename>
            <size>27</size>
            <aspect>0.93</aspect>
        </font>
        <font>
            <name>InfoTitleFont</name>
            <filename>DejaVuSans.ttf</filename>
            <size>43</size>
            <style>bold</style>
            <aspect>0.93</aspect>
        </font>
        <font>
            <name>InfoTitleSubFont</name>
            <filename>DejaVuSans.ttf</filename>
            <size>23</size>
            <aspect>0.93</aspect>
        </font>
        <font>
            <name>InfoPlotFont</name>
            <filename>DejaVuSans.ttf</filename>
            <size>34</size>
            <linespacing>1.00</linespacing>
            <aspect>0.93</aspect>
        </font>
        <font>
            <name>InfoDetailsFont</name>
            <filename>DejaVuSans.ttf</filename>
            <size>34</size>
            <aspect>0.93</aspect>
        </font>
        <font>
            <name>InfoDetailsFontBig</name>
            <filename>DejaVuSans.ttf</filename>
            <size>37</size>
            <aspect>0.93</aspect>
        </font>
        <font>
            <name>InfoRatingFont</name>
            <filename>DejaVuSans.ttf</filename>
            <size>31</size>
            <aspect>0.93</aspect>
        </font>
        <font>
            <name>TvGuideChannelFont</name>
            <filename>DejaVuSans.ttf</filename>
            <size>29</size>
            <aspect>0.93</aspect>
        </font>
        <font>
            <name>TvGuideItemFont</name>
            <filename>DejaVuSans.ttf</filename>
            <size>32</size>
            <aspect>0.93</aspect>
        </font>
        <font>
            <name>TvGuideHeaderFont</name>
            <filename>DejaVuSans.ttf</filename>
            <size>32</size>
            <aspect>0.93</aspect>
        </font>
        <font>
            <name>ButtonFont</name>
            <filename>DejaVuSans.ttf</filename>
            <size>34</size>
            <aspect>0.93</aspect>
        </font>
        <font>
            <name>SmallButtonFont</name>
            <filename>DejaVuSans.ttf</filename>
            <size>29</size>
            <aspect>0.93</aspect>
        </font>
        <font>
            <name>BadgeFont</name>
            <filename>DejaVuSans.ttf</filename>
            <size>25</size>
            <aspect>0.93</aspect>
        </font>
        <font>
            <name>rss</name>
            <filename>DejaVuSans.ttf</filename>
            <size>24</size>
            <aspect>0.93</aspect>
        </font>
        <font>
            <name>font13</name>
            <filename>DejaVuSans.ttf</filename>
            <size>34</size>
            <aspect>0.93</aspect>
        </font>
        <!--ADDON COMPATIBILITY-->
        <font>
            <name>font13</name>
            <filename>DejaVuSans.ttf</filename>
            <size>24</size>
            <aspect>0.93</aspect>
        </font>
        <font>
            <name>font12</name>
            <filename>DejaVuSans.ttf</filename>
            <size>23</size>
            <aspect>0.93</aspect>
        </font>
        <font>
            <name>font13_title</name>
            <filename>DejaVuSans.ttf</filename>
            <size>24</size>
            <style>bold</style>
            <aspect>0.93</aspect>
        </font>
        <font>
            <name>font12_title</name>
            <filename>DejaVuSans.ttf</filename>
            <size>23</size>
            <style>bold</style>
            <aspect>0.93</aspect>
        </font>
        <font>        
            <name>Clock</name>
            <filename>DejaVuSans.ttf</filename>
            <size>120</size>
        </font>             
    </fontset>
    <fontset id="Arial" idloc="31395">
        <font>
            <name>WindowTitleFont</name>
            <filename>arial.ttf</filename>
            <size>50</size>
            <style>bold</style>
        </font>
        <font>
            <name>WindowTitleSubFont</name>
            <filename>arial.ttf</filename>
            <size>26</size>
        </font>
        <font>
            <name>LeftMenuTitleFont</name>
            <filename>arial.ttf</filename>
            <size>20</size>
        </font>
        <font>
            <name>HomeItemFont</name>
            <filename>arial.ttf</filename>
            <size>45</size>
            <style>bold</style>
            <aspect>1</aspect>
        </font>
        <font>
            <name>NotificationFont</name>
            <filename>arial.ttf</filename>
            <size>36</size>
        </font>
        <font>
            <name>NotificationFontDouble</name>
            <filename>arial.ttf</filename>
            <size>36</size>
            <style>bold</style>
        </font>
        <font>
            <name>NotificationFontAwesome</name>
            <filename>fontawesome-webfont.ttf</filename>
            <size>24</size>
        </font>
        <font>
            <name>NotificationFontDoubleAwesome</name>
            <filename>fontawesome-webfont.ttf</filename>
            <size>24</size>
            <style>bold</style>
        </font>
        <font>
            <name>OSDTitleFont</name>
            <filename>arial.ttf</filename>
            <size>32</size>
            <style>bold</style>
        </font>
        <font>
            <name>OSDFont</name>
            <filename>arial.ttf</filename>
            <size>32</size>
        </font>
        <font>
            <name>WidgetTitleFont</name>
            <filename>arial.ttf</filename>
            <size>28</size>
            <style>bold</style>
        </font>
        <font>
            <name>WidgetFont</name>
            <filename>arial.ttf</filename>
            <size>24</size>
        </font>
        <font>
            <name>LeftMenuButtonFont</name>
            <filename>arial.ttf</filename>
            <size>36</size>
        </font>
        <font>
            <name>LeftMenuSubButtonFont</name>
            <filename>arial.ttf</filename>
            <size>25</size>
        </font>
        <font>
            <name>DialogSubFont</name>
            <filename>arial.ttf</filename>
            <size>28</size>
        </font>
        <font>
            <name>FacadeListMainFont</name>
            <filename>arial.ttf</filename>
            <size>36</size>
        </font>
        <font>
            <name>FacadeListSubFont</name>
            <filename>arial.ttf</filename>
            <size>28</size>
        </font>
        <font>
            <name>InfoTitleFont</name>
            <filename>arial.ttf</filename>
            <size>45</size>
            <style>bold</style>
        </font>
        <font>
            <name>InfoTitleSubFont</name>
            <filename>arial.ttf</filename>
            <size>24</size>
        </font>
        <font>
            <name>InfoPlotFont</name>
            <filename>arial.ttf</filename>
            <size>36</size>
            <linespacing>0.95</linespacing>
            <aspect>1.0</aspect>
        </font>
        <font>
            <name>InfoDetailsFont</name>
            <filename>arial.ttf</filename>
            <size>36</size>
        </font>
        <font>
            <name>InfoDetailsFontBig</name>
            <filename>arial.ttf</filename>
            <size>39</size>
        </font>
        <font>
            <name>InfoRatingFont</name>
            <filename>arial.ttf</filename>
            <size>33</size>
        </font>
        <font>
            <name>TvGuideChannelFont</name>
            <filename>arial.ttf</filename>
            <size>31</size>
        </font>
        <font>
            <name>TvGuideItemFont</name>
            <filename>arial.ttf</filename>
            <size>34</size>
        </font>
        <font>
            <name>TvGuideHeaderFont</name>
            <filename>arial.ttf</filename>
            <size>34</size>
        </font>
        <font>
            <name>ButtonFont</name>
            <filename>arial.ttf</filename>
            <size>36</size>
        </font>
        <font>
            <name>SmallButtonFont</name>
            <filename>arial.ttf</filename>
            <size>31</size>
        </font>
        <font>
            <name>BadgeFont</name>
            <filename>arial.ttf</filename>
            <size>26</size>
            <aspect>0.95</aspect>
        </font>
        <font>
            <name>rss</name>
            <filename>arial.ttf</filename>
            <size>25</size>
        </font>
        <!--ADDON COMPATIBILITY-->
        <font>
            <name>font13</name>
            <filename>arial.ttf</filename>
            <size>25</size>
        </font>
        <font>
            <name>font12</name>
            <filename>arial.ttf</filename>
            <size>24</size>
        </font>
        <font>
            <name>font13_title</name>
            <filename>arial.ttf</filename>
            <size>25</size>
            <style>bold</style>
        </font>
        <font>
            <name>font12_title</name>
            <filename>arial.ttf</filename>
            <size>24</size>
            <style>bold</style>
        </font>
        <font>        
            <name>Clock</name>
            <filename>arial.ttf</filename>
            <size>120</size>
        </font>     
    </fontset>
	
	 <fontset id="large text" idloc="31398">
        <font>
            <name>WindowTitleFont</name>
            <filename>Ubuntu-R.ttf</filename>
            <size>50</size>
            <style>bold</style>
        </font>
        <font>
            <name>WindowTitleSubFont</name>
            <filename>Ubuntu-R.ttf</filename>
            <size>26</size>
        </font>
        <font>
            <name>LeftMenuTitleFont</name>
            <filename>Ubuntu-R.ttf</filename>
            <size>20</size>
        </font>
        <font>
            <name>HomeItemFont</name>
            <filename>Ubuntu-R.ttf</filename>
            <size>45</size>
            <style>bold</style>
            <aspect>1</aspect>
        </font>
        <font>
            <name>NotificationFont</name>
            <filename>Ubuntu-R.ttf</filename>
            <size>36</size>
        </font>
        <font>
            <name>NotificationFontDouble</name>
            <filename>Ubuntu-R.ttf</filename>
            <size>36</size>
            <style>bold</style>
        </font>
        <font>
            <name>NotificationFontAwesome</name>
            <filename>fontawesome-webfont.ttf</filename>
            <size>24</size>
        </font>
        <font>
            <name>NotificationFontDoubleAwesome</name>
            <filename>fontawesome-webfont.ttf</filename>
            <size>24</size>
            <style>bold</style>
        </font>
        <font>
            <name>OSDTitleFont</name>
            <filename>Ubuntu-R.ttf</filename>
            <size>32</size>
            <style>bold</style>
        </font>
        <font>
            <name>OSDFont</name>
            <filename>Ubuntu-R.ttf</filename>
            <size>32</size>
        </font>
		 <font>
            <name>OSDTimeshift</name>
            <filename>Ubuntu-R.ttf</filename>
            <size>32</size>
			<style>bold</style>
        </font>
        <font>
            <name>WidgetTitleFont</name>
            <filename>Ubuntu-R.ttf</filename>
            <size>28</size>
            <style>bold</style>
        </font>
        <font>
            <name>WidgetFont</name>
            <filename>Ubuntu-R.ttf</filename>
            <size>24</size>
        </font>
        <font>
            <name>LeftMenuButtonFont</name>
            <filename>Ubuntu-R.ttf</filename>
            <size>36</size>
        </font>
        <font>
            <name>LeftMenuSubButtonFont</name>
            <filename>Ubuntu-R.ttf</filename>
            <size>25</size>
        </font>
        <font>
            <name>DialogSubFont</name>
            <filename>Ubuntu-R.ttf</filename>
            <size>28</size>
        </font>
        <font>
            <name>FacadeListMainFont</name>
            <filename>Ubuntu-R.ttf</filename>
            <size>36</size>
        </font>
        <font>
            <name>FacadeListSubFont</name>
            <filename>Ubuntu-R.ttf</filename>
            <size>28</size>
        </font>
        <font>
            <name>InfoTitleFont</name>
            <filename>Ubuntu-R.ttf</filename>
            <size>45</size>
            <style>bold</style>
        </font>
        <font>
            <name>InfoTitleSubFont</name>
            <filename>Ubuntu-R.ttf</filename>
            <size>24</size>
        </font>
        <font>
            <name>InfoPlotFont</name>
            <filename>Ubuntu-R.ttf</filename>
            <size>40</size>
            <linespacing>1.00</linespacing>
            <aspect>1.0</aspect>
        </font>
        <font>
            <name>InfoDetailsFont</name>
            <filename>Ubuntu-R.ttf</filename>
            <size>36</size>
        </font>
        <font>
            <name>InfoDetailsFontBig</name>
            <filename>Ubuntu-R.ttf</filename>
            <size>39</size>
        </font>
        <font>
            <name>InfoRatingFont</name>
            <filename>Ubuntu-R.ttf</filename>
            <size>33</size>
        </font>
        <font>
            <name>TvGuideChannelFont</name>
            <filename>Ubuntu-R.ttf</filename>
            <size>31</size>
        </font>
        <font>
            <name>TvGuideItemFont</name>
            <filename>Ubuntu-R.ttf</filename>
            <size>37</size>
        </font>
        <font>
            <name>TvGuideHeaderFont</name>
            <filename>Ubuntu-R.ttf</filename>
            <size>34</size>
        </font>
        <font>
            <name>ButtonFont</name>
            <filename>Ubuntu-R.ttf</filename>
            <size>36</size>
        </font>
        <font>
            <name>SmallButtonFont</name>
            <filename>Ubuntu-R.ttf</filename>
            <size>31</size>
        </font>
        <font>
            <name>BadgeFont</name>
            <filename>Ubuntu-R.ttf</filename>
            <size>26</size>
            <aspect>0.95</aspect>
        </font>
        <font>
            <name>rss</name>
            <filename>Ubuntu-R.ttf</filename>
            <size>25</size>
        </font>
        <!--ADDON COMPATIBILITY-->
        <font>
            <name>font13</name>
            <filename>Ubuntu-R.ttf</filename>
            <size>25</size>
        </font>
        <font>
            <name>font12</name>
            <filename>Ubuntu-R.ttf</filename>
            <size>24</size>
        </font>
        <font>
            <name>font13_title</name>
            <filename>Ubuntu-R.ttf</filename>
            <size>25</size>
            <style>bold</style>
        </font>
        <font>
            <name>font12_title</name>
            <filename>Ubuntu-R.ttf</filename>
            <size>24</size>
            <style>bold</style>
        </font>
        <font>        
            <name>Clock</name>
            <filename>Ubuntu-R.ttf</filename>
            <size>120</size>
        </font>        
    </fontset>
	
	
	
</fonts>
