<?xml version="1.0" encoding="UTF-8"?>
<window>
  <backgroundcolor>0</backgroundcolor>
    <defaultcontrol always="true">3012</defaultcontrol>
    <onload>Dialog.Close(fullscreeninfo,true)</onload>
    <onload>Dialog.Close(videoosd,true)</onload>
    <controls>
        <control type="group">
            <animation type="WindowOpen" reversible="false">
                <effect type="fade" start="0" end="100" time="600" />
                <effect type="slide" start="0,-115" end="0,0" time="600" />
            </animation>
            <animation type="WindowClose" reversible="false">
                <effect type="fade" start="100" end="0" time="400" />
                <effect type="slide" start="0,0" end="0,-115" time="400" />
            </animation>
            <control type="group">
                <height>80</height>
                <!-- Background -->
                <control type="image">
                    <top>0</top>
                    <width>100%</width>
                    <height>80</height>
                    <texture>$VAR[Theme.Color]/common/bg_dialog.png</texture>
                </control>
                <control type="group">
                    <top>10</top>
                    <left>30</left>
                    <width>75%</width>
                    <!-- buttons -->
                    <control type="grouplist">
					<control type="label">
							<left>25</left>
							<align>right</align>
                            <width>145</width>
                            <height>56</height>
                            <font>font12</font>
                            <include>TextColor_MainColor</include>
                            <shadowcolor>00000000</shadowcolor>
                            <label>[CAPITALIZE]$ADDON[service.upnext 30024][/CAPITALIZE]</label>
                        </control>
                        <orientation>horizontal</orientation>
                        <height>56</height>
                        <itemgap>10</itemgap>
                        <align>left</align>
                        <control type="button" id="3012">
                            <label>    $ADDON[service.upnext 30010] $ADDON[service.upnext 30036] [COLOR FFFF4081]$INFO[Player.TimeRemaining(ss),,][/COLOR] $ADDON[service.upnext 30035]</label>
							<height>56</height>
							<width>480</width>
                            <font>font12</font>
                            
                        </control>
                        <control type="button" id="3013">
                            <label>$ADDON[service.upnext 30034]</label>
							<height>56</height>
							<width>170</width>
							<font>font12</font>
                        </control>
                        <!-- Label -->
                        
                    </control>
                    <control type="image">
                        <width>46</width>
                        <height>46</height>
                        <aspect>keep</aspect>
                        <texture colordiffuse="ddffffff">nextupicons/30.png</texture>
                        <animation effect="slide" end="13,5" time="0" condition="true">Conditional</animation>
                        <visible>Integer.IsGreater(Player.TimeRemaining(ss),30)</visible>
                    </control>
                    <control type="image">
                        <width>46</width>
                        <height>46</height>
                        <aspect>keep</aspect>
                        <texture colordiffuse="ddffffff">$INFO[Player.TimeRemaining(ss),nextupicons/,.png]</texture>
                        <animation effect="slide" end="13,5" time="0" condition="true">Conditional</animation>
                        <visible>!Integer.IsGreater(Player.TimeRemaining(ss),30)</visible>
                    </control>
                </control>
            </control>
        </control>
        <control type="progress" id="3014">
            <visible>false</visible>
        </control>
    </controls>
</window>