<?xml version="1.0" encoding="UTF-8" standalone="yes"?>
<addon id="repository.kodi-repo-ashjg" name="ASHJG's Kodi Repo" version="0.0.1" provider-name="ASHJG">
	<extension point="xbmc.addon.repository" name="ASHJG's Kodi Repo">
		<dir>
			<info compressed="false">https://raw.githubusercontent.com/totalrevolution/python-koding/master/zips/addons.xml</info>
			<checksum>https://raw.githubusercontent.com/totalrevolution/python-koding/master/zips/addons.xml.md5</checksum>
			<datadir zip="true">https://raw.githubusercontent.com/totalrevolution/python-koding/master/zips/</datadir>
		</dir>
		<info compressed="false">https://raw.githubusercontent.com/ASHJG/repository.kodi-repo-ashjg/master/zips/addons.xml</info>
		<checksum>https://raw.githubusercontent.com/ASHJG/repository.kodi-repo-ashjg/master/zips/addons.xml.md5</checksum>
		<datadir zip="true">https://raw.githubusercontent.com/ASHJG/repository.kodi-repo-ashjg/master/zips/</datadir>
	</extension>
	<extension point="xbmc.addon.metadata">
		<summary lang="en">Addons by ASHJG</summary>
		<description lang="en">Addons by ASHJG</description>
		<genre>skin,uk</genre>
	</extension>
</addon>