<?xml version="1.0" encoding="utf-8"?>
<includes>
    <include name="Horizontal_Home_Layout">
        <control type="grouplist" id="700">
            <pagecontrol>60</pagecontrol>
            <itemgap>0</itemgap>
            <control type="group">
                <height>618</height>
                <control type="label">
                    <include>OpenClose</include>
                    <include>WindowTitle</include>
                    <label>$VAR[HomeTitles]</label>
                </control>
                <control type="label">
                    <include>OpenClose</include>
                    <include>WindowTitleSub</include>
                    <label>$VAR[HomeSubTitles]</label>
                </control>
                <include>Time</include>
                <control type="group">
                    <animation type="Conditional" reversible="false" condition="Integer.IsGreater(Container(9001).NumItems,0)">
                        <effect type="fade" start="0" end="100" time="150" delay="0" tween="circle" easing="inout"/>
                        <effect type="zoom" start="110" end="100" time="150" delay="0" center="auto" tween="circle" easing="inout"/>
                    </animation>
                    <animation type="Conditional" reversible="false" condition="!Integer.IsGreater(Container(9001).NumItems,0)">
                        <effect type="fade" start="100" end="0" time="150" delay="0" tween="circle" easing="inout"/>
                        <effect type="zoom" start="100" end="110" time="150" delay="0" center="auto" tween="circle" easing="inout"/>
                    </animation>
                    <control type="image">
                        <animation type="Conditional" reversible="false" condition="$EXP[HomeSubMenuHasFocus]">
                            <effect type="zoom" start="100" end="103" time="100" center="auto"/>
                            <effect type="zoom" start="100" end="97.087378640777" time="50" delay="100" center="auto"/>
                            <effect type="fade" start="40" end="100" time="100"/>
                        </animation>
                        <posx>0</posx>
                        <posy>142</posy>
                        <width>1920</width>
                        <height>160</height>
                        <texture border="100">$VAR[Theme.Color]/common/bg_list.png</texture>
                    </control>
                    <control type="list" id="9001">
                        <posx>0</posx>
                        <posy>183</posy>
                        <height>78</height>
                        <width>1920</width>
                        <onleft>9001</onleft>
                        <onright>60</onright>
                        <viewtype>list</viewtype>
                        <onup>9900</onup>
                        <onback>SetFocus(300)</onback>
                        <ondown>300</ondown>
                        <orientation>horizontal</orientation>
                        <itemlayout height="78" width="565">
                            <control type="label">
                                <posx>60</posx>
                                <posy>0</posy>
                                <height>78</height>
                                <width>525</width>
                                <font>FacadeListMainFont</font>
                                <align>center</align>
                                <scroll>false</scroll>
                                <label>$INFO[ListItem.Label]</label>
                                <include>TextColor_AlternateColor</include>
                            </control>
                        </itemlayout>
                        <focusedlayout  height="78" width="565">
                            <control type="group">
                                <include>ButtonFocusAnimation</include>
                                <control type="image">
                                    <visible>Control.HasFocus(9001)</visible>
                                    <posx>40</posx>
                                    <posy>0</posy>
                                    <height>78</height>
                                    <width>565</width>
                                    <colordiffuse>$VAR[Picked.Theme.Color]</colordiffuse>
                                    <texture border="1">$VAR[Theme.Color]/list/bg_facade_focus.png</texture>
                                </control>
                                <control type="label">
                                    <visible>!Control.HasFocus(9001)</visible>
                                    <posx>60</posx>
                                    <posy>0</posy>
                                    <height>78</height>
                                    <width>525</width>
                                    <align>center</align>
                                    <font>FacadeListMainFont</font>
                                    <label>$INFO[ListItem.Label]</label>
                                    <include>TextColor_AlternateColor</include>
                                </control>
                                <control type="label">
                                    <visible>Control.HasFocus(9001)</visible>
                                    <posx>60</posx>
                                    <posy>0</posy>
                                    <height>78</height>
                                    <width>525</width>
                                    <align>center</align>
                                    <font>FacadeListMainFont</font>
                                    <label>$INFO[ListItem.Label]</label>
                                    <include>TextColor_MainColor</include>
                                </control>
                            </control>
                        </focusedlayout>
                        <content>
                            <include condition="Skin.HasSetting(plexbmc)+System.HasAddon(plugin.video.plexbmc)">Plexbmc.Submenu.Items</include>
                            <include>skinshortcuts-submenu</include>
                        </content>
                    </control>
                    <control type="button" id="9020">
                        <posx>0</posx>
                        <posy>180</posy>
                        <width>60</width>
                        <height>84</height>
                        <include>HiddenButton</include>
                        <onclick>Control.Move(9001,-1)</onclick>
                    </control>
                    <control type="button" id="9021">
                        <posx>1720</posx>
                        <posy>180</posy>
                        <width>200</width>
                        <height>84</height>
                        <include>HiddenButton</include>
                        <onclick>Control.Move(9001,1)</onclick>
                    </control>
                </control>
                <control type="group">
                    <control type="wraplist" id="300">
                        <posx>0</posx>
                        <posy>284</posy>
                        <width>1920</width>
                        <height>360</height>
                        <onleft>300</onleft>
                        <onright>300</onright>
						<focusposition>1</focusposition>
                        <onup>9001</onup>
                        <ondown condition="Skin.HasSetting(plexbmc)+!String.IsEmpty(Container(300).ListItem.Property(uuid))">900</ondown>
                        <ondown condition="String.IsEqual(Container(300).ListItem.Property(id),1)">700011</ondown>
                        <ondown condition="String.IsEqual(Container(300).ListItem.Property(id),2)">700012</ondown>
                        <ondown condition="String.IsEqual(Container(300).ListItem.Property(id),3)">700013</ondown>
                        <ondown condition="String.IsEqual(Container(300).ListItem.Property(id),4)">700014</ondown>
                        <ondown condition="String.IsEqual(Container(300).ListItem.Property(id),5)">700015</ondown>
                        <ondown condition="String.IsEqual(Container(300).ListItem.Property(id),6)">700016</ondown>
                        <ondown condition="String.IsEqual(Container(300).ListItem.Property(id),7)">700017</ondown>
                        <ondown condition="String.IsEqual(Container(300).ListItem.Property(id),8)">700018</ondown>
                        <ondown condition="String.IsEqual(Container(300).ListItem.Property(id),9)">700019</ondown>
                        <ondown condition="String.IsEqual(Container(300).ListItem.Property(id),10)">7000110</ondown>
                        <ondown condition="String.IsEqual(Container(300).ListItem.Property(id),11)">7000111</ondown>
                        <ondown condition="String.IsEqual(Container(300).ListItem.Property(id),12)">7000112</ondown>
                        <ondown condition="String.IsEqual(Container(300).ListItem.Property(id),13)">7000113</ondown>
                        <ondown condition="String.IsEqual(Container(300).ListItem.Property(id),14)">7000114</ondown>
                        <ondown condition="String.IsEqual(Container(300).ListItem.Property(id),15)">7000115</ondown>
                        <ondown condition="String.IsEqual(Container(300).ListItem.Property(id),16)">7000116</ondown>
                        <ondown condition="String.IsEqual(Container(300).ListItem.Property(id),17)">7000117</ondown>
                        <ondown condition="String.IsEqual(Container(300).ListItem.Property(id),18)">7000118</ondown>
                        <ondown condition="String.IsEqual(Container(300).ListItem.Property(id),19)">7000119</ondown>
                        <ondown condition="String.IsEqual(Container(300).ListItem.Property(id),20)">7000120</ondown>
                        <ondown condition="String.IsEqual(Container(300).ListItem.Property(id),21)">7000121</ondown>
                        <ondown condition="String.IsEqual(Container(300).ListItem.Property(id),22)">7000122</ondown>
                        <ondown condition="String.IsEqual(Container(300).ListItem.Property(id),23)">7000123</ondown>
                        <ondown condition="String.IsEqual(Container(300).ListItem.Property(id),24)">7000124</ondown>
                        <ondown condition="String.IsEqual(Container(300).ListItem.Property(id),25)">7000125</ondown>
                        <ondown condition="String.IsEqual(Container(300).ListItem.Property(id),26)">7000126</ondown>
                        <ondown condition="String.IsEqual(Container(300).ListItem.Property(id),27)">7000127</ondown>
                        <ondown condition="String.IsEqual(Container(300).ListItem.Property(id),28)">7000128</ondown>
                        <ondown condition="String.IsEqual(Container(300).ListItem.Property(id),29)">7000129</ondown>
                        <ondown condition="String.IsEqual(Container(300).ListItem.Property(id),30)">7000130</ondown>
                        <ondown condition="String.IsEqual(Container(300).ListItem.Property(id),31)">7000131</ondown>
                        <ondown condition="String.IsEqual(Container(300).ListItem.Property(id),32)">7000132</ondown>
                        <ondown condition="String.IsEqual(Container(300).ListItem.Property(id),33)">7000133</ondown>
                        <ondown condition="String.IsEqual(Container(300).ListItem.Property(id),34)">7000134</ondown>
                        <ondown condition="String.IsEqual(Container(300).ListItem.Property(id),35)">7000135</ondown>
                        <ondown condition="String.IsEqual(Container(300).ListItem.Property(id),36)">7000136</ondown>
                        <ondown condition="String.IsEqual(Container(300).ListItem.Property(id),37)">7000137</ondown>
                        <ondown condition="String.IsEqual(Container(300).ListItem.Property(id),38)">7000138</ondown>
                        <ondown condition="String.IsEqual(Container(300).ListItem.Property(id),39)">7000139</ondown>
                        <ondown condition="String.IsEqual(Container(300).ListItem.Property(id),40)">7000140</ondown>
                        <ondown condition="String.IsEqual(Container(300).ListItem.Property(id),41)">7000141</ondown>
                        <ondown condition="String.IsEqual(Container(300).ListItem.Property(id),42)">7000142</ondown>
                        <ondown condition="String.IsEqual(Container(300).ListItem.Property(id),43)">7000143</ondown>
                        <ondown condition="String.IsEqual(Container(300).ListItem.Property(id),44)">7000144</ondown>
                        <ondown condition="String.IsEqual(Container(300).ListItem.Property(id),45)">7000145</ondown>
                        <ondown condition="String.IsEqual(Container(300).ListItem.Property(id),46)">7000146</ondown>
                        <ondown condition="String.IsEqual(Container(300).ListItem.Property(id),47)">7000147</ondown>
                        <ondown condition="String.IsEqual(Container(300).ListItem.Property(id),48)">7000148</ondown>
                        <ondown condition="String.IsEqual(Container(300).ListItem.Property(id),49)">7000149</ondown>
                        <ondown condition="String.IsEqual(Container(300).ListItem.Property(id),50)">7000150</ondown>
                        <pagecontrol></pagecontrol>
                        <preloaditems>4</preloaditems>
                        <orientation>horizontal</orientation>
                        <itemlayout height="360" width="635">
                            <control type="image">
                                <posx>25</posx>
                                <posy>0</posy>
                                <width>670</width>
                                <height>360</height>
                                <texture background="true" fallback="special://skin/backgrounds/default/default.jpg">$INFO[ListItem.Icon]</texture>
                                <aspectratio>scale</aspectratio>
                                <include>ThumbBorder</include>
                            </control>
                        </itemlayout>
                        <focusedlayout height="360" width="565">
                            <control type="group">
                                <include>ThumbFocusAnimation</include>
                                <control type="image">
                                    <posx>30</posx>
                                    <posy>0</posy>
                                    <width>585</width>
                                    <height>360</height>
                                    <texture background="true" fallback="special://skin/backgrounds/default/default.jpg">$INFO[ListItem.Icon]</texture>
                                    <aspectratio>scale</aspectratio>
                                    <include>ThumbBorder</include>
                                </control>
                                <control type="image">
                                    <posx>65</posx>
                                    <posy>200</posy>
                                    <width>515</width>
                                    <height>125</height>
                                    <colordiffuse>$VAR[Picked.Theme.Color]</colordiffuse>
                                    <texture border="2">$VAR[Theme.Color]/common/widget_gradient.png</texture>
                                </control>
                                <control type="label">
                                    <posx>85</posx>
                                    <posy>259</posy>
                                    <width>475</width>
                                    <aligny>top</aligny>
                                    <align>center</align>
                                    <font>HomeItemFont</font>
                                    <include>TextColor_MainColor</include>
                                    <label>$INFO[ListItem.Label]</label>
                                </control>
                                <control type="image">
                                    <visible>control.hasfocus(300)</visible>
                                    <posx>65</posx>
                                    <posy>35</posy>
                                    <width>515</width>
                                    <height>290</height>
                                    <colordiffuse>$VAR[Picked.Theme.Color]</colordiffuse>
                                    <texture border="10">$VAR[Theme.Color]/common/frame_focus.png</texture>
                                </control>
                            </control>
                        </focusedlayout>
                        <content>
                            <include condition="Skin.HasSetting(plexbmc)+System.HasAddon(plugin.video.plexbmc)">Plexbmc.Items</include>
                            <include>skinshortcuts-mainmenu</include>
                        </content>
                    </control>
                    <control type="button" id="301">
                        <posx>0</posx>
                        <posy>284</posy>
                        <width>60</width>
                        <height>360</height>
                        <include>HiddenButton</include>
                        <onclick>Control.Move(300,-1)</onclick>
                    </control>
                    <control type="button" id="302">
                        <posx>1720</posx>
                        <posy>284</posy>
                        <width>200</width>
                        <height>360</height>
                        <include>HiddenButton</include>
                        <onclick>Control.Move(300,1)</onclick>
                    </control>
                </control>
            </control>
            <!--SEPARATOR-->
            <control type="group">
                <height>60</height>
                <control type="image">
                    <posx>0</posx>
                    <posy>9</posy>
                    <width>1920</width>
                    <height>3500</height>
                    <texture border="100">$VAR[Theme.Color]/common/bg_list.png</texture>
                </control>
                <control type="image">
                    <posx>0</posx>
                    <posy>9</posy>
                    <width>1920</width>
                    <height>3500</height>
                    <texture border="100">$VAR[Theme.Color]/common/bg_list.png</texture>
                </control>
                <control type="image">
                    <visible>$EXP[HomeWidgetCollectionHasFocus]</visible>
                    <posx>0</posx>
                    <posy>50</posy>
                    <width>1920</width>
                    <height>3500</height>
                    <colordiffuse>$VAR[Picked.Theme.Color]</colordiffuse>
                    <texture border="2">$VAR[Theme.Color]/list/bg_facade_focus.png</texture>
                </control>
            </control>
            <include>WidgetsCollection</include>
        </control>
        <control type="scrollbar" id="60">
            <visible allowhiddenfocus="true">control.hasfocus(60)</visible>
            <include>OpenClose</include>
            <posx>1886</posx>
            <posy>0</posy>
            <height>1080</height>
            <include>VerticalScroller</include>
            <onleft>700</onleft>
            <onright>60</onright>
        </control>
    </include>
</includes>
