<?xml version="1.0" encoding="utf-8"?>
<window>
    <defaultcontrol></defaultcontrol>
    <controls>
        <control type="group" id="0">
            <posx>0</posx>
            <posy>0</posy>
            <include>DummyClearStudioArt</include>
            <control type="image" id="1">
                <posx>-200</posx>
                <posy>-140</posy>
                <width>2320</width>
                <height>465</height>
                <include>DialogTransparencyOSD</include>
                <texture border="83">$VAR[Theme.Color]/common/bg_dialog.png</texture>
            </control>
            <control type="label" id="10">
                <posx>TextMargin</posx>
                <posy>50</posy>
                <width>1800</width>
                <height>50</height>
                <align>left</align>
                <aligny>top</aligny>
                <include>TextColor_MainColor</include>
                <font>NotificationFont</font>
                <label></label>
            </control>
            <control type="label" id="11">
                <posx>TextMargin</posx>
                <posy>100</posy>
                <width>1800</width>
                <height>50</height>
                <align>left</align>
                <aligny>top</aligny>
                <include>TextColor_MainColor</include>
                <font>NotificationFont</font>
                <label></label>
            </control>
            <control type="label" id="12">
                <posx>TextMargin</posx>
                <posy>150</posy>
                <width>1800</width>
                <height>50</height>
                <align>left</align>
                <aligny>top</aligny>
                <include>TextColor_MainColor</include>
                <font>NotificationFont</font>
                <label></label>
            </control>
            <control type="label" id="1">
                <posx>TextMargin</posx>
                <posy>200</posy>
                <width>1800</width>
                <height>50</height>
                <align>left</align>
                <aligny>top</aligny>
                <include>TextColor_MainColor</include>
                <font>NotificationFont</font>
                <label>$LOCALIZE[439]: $INFO[Player.CacheLevel]%</label>
            </control>
        </control>
        <control type="group" id="1">
            <visible>Player.Caching</visible>
            <include>VisibleFadeEffect</include>
            <control type="image" id="1">
                <visible>Integer.IsGreater(Player.CacheLevel, 0)</visible>
                <posx>810</posx>
                <posy>390</posy>
                <width>300</width>
                <height>300</height>
                <texture>$VAR[Theme.Color]/OSD/loading_inner.png</texture>
            </control>
            <control type="image" id="1">
                <posx>810</posx>
                <posy>390</posy>
                <width>300</width>
                <height>300</height>
                <texture>$VAR[Theme.Color]/OSD/loading.png</texture>
                <animation effect="rotate" center="auto" start="360" end="0" time="1500" loop="true" condition="true">Conditional</animation>
            </control>
            <control type="label" id="1">
                <visible>Integer.IsGreater(Player.CacheLevel, 0)</visible>
                <posx>0</posx>
                <posy>0</posy>
                <height>1080</height>
                <width>1920</width>
                <align>center</align>
                <font>OSDTitleFont</font>
                <include>TextColor_MainColor</include>
                <label>$INFO[Player.CacheLevel, ,%]</label>
            </control>
			
        </control>
    </controls>
</window>
