<?xml version="1.0" encoding="UTF-8" standalone="yes"?>
<addon id="repository.AshJG" version="1.0.0" name="AshJG's BETA repository" provider-name="AshJG">
	
	<extension point="xbmc.addon.repository" name="AshJG's BETA repository">
		<info compressed="false">https://raw.githubusercontent.com/ASHJG/repository.AshJG/master/_repo/addons.xml</info>
		<checksum>https://raw.githubusercontent.com/ASHJG/repository.AshJG/master/_repo/addons.xml.md5</checksum>
		<datadir zip="true">https://github.com/ASHJG/repository.AshJG/raw/master/_repo</datadir>
	</extension>
	<extension point="xbmc.addon.metadata">
		<summary lang="en">Kodi repository for beta/test versions of AshJG's addons</summary>
		<description lang="en">Kodi repository for beta/test versions of AshJG's addons. This repo is for test/beta versions of my work only</description>
		<platform>all</platform>
	</extension>
</addon>