<?xml version="1.0" encoding="UTF-8"?>


<template>

    <other include="widget">

        <condition tag="property" attribute="name|widgetPath" />
        <property name="mainmenuid" tag="mainmenuid" />

        <property name="height" tag="property" attribute="name|widgetAspect" value="31117">599</property>
        <property name="height" tag="property" attribute="name|widgetAspect" value="31119">415</property>
        <property name="height" tag="property" attribute="name|widgetAspect" value="31118|Icon - 1:1">511</property>
        <property name="height" tag="property" attribute="name|widgetAspect" value="31120">460</property>

        <property name="gfxType" tag="property" attribute="name|widgetAspect" value="31117">Poster</property>
        <property name="gfxType" tag="property" attribute="name|widgetAspect" value="31119">Episode</property>
        <property name="gfxType" tag="property" attribute="name|widgetAspect" value="31118|Icon - 1:1">Square</property>
        <property name="gfxType" tag="property" attribute="name|widgetAspect" value="31120">Channel</property>

        <property name="labelTitle" tag="property" attribute="name|widgetAspect" value="31117">$INFO[ListItem.TVShowTitle,,     ]$INFO[ListItem.Label]</property>
        <property name="labelTitle" tag="property" attribute="name|widgetAspect" value="31119">$INFO[ListItem.TVShowTitle,,     ]$INFO[ListItem.Label]</property>
        <property name="labelTitle" tag="property" attribute="name|widgetAspect" value="31118|Icon - 1:1">$INFO[ListItem.Label]</property>
        <property name="labelTitle" tag="property" attribute="name|widgetAspect" value="31120">$INFO[ListItem.Label]</property>

        <property name="labelSubTitle" tag="property" attribute="name|widgetAspect" value="31117">$INFO[ListItem.Rating,,     ]$INFO[ListItem.Year]$INFO[ListItem.Duration,     , $LOCALIZE[31297]]</property>
        <property name="labelSubTitle" tag="property" attribute="name|widgetAspect" value="31119">$INFO[ListItem.Rating,,     ]$INFO[ListItem.Year,,     ]$INFO[ListItem.Duration,, $LOCALIZE[31297]]</property>
        <property name="labelSubTitle" tag="property" attribute="name|widgetAspect" value="31118|Icon - 1:1">$INFO[ListItem.Artist]$INFO[ListItem.Rating,     ]$INFO[ListItem.Year,     ]$INFO[ListItem.Duration,     , $LOCALIZE[31297]]</property>
        <property name="labelSubTitle" tag="property" attribute="name|widgetAspect" value="31120">$INFO[ListItem.Label2,,     ]$INFO[ListItem.Duration]</property>

        <property name="title" tag="property" attribute="name|widgetName" />
        <property name="sortby" tag="property" attribute="name|widgetSortBy" />
        <property name="sortdirection" tag="property" attribute="name|widgetSortDirection" />
        <property name="target" tag="property" attribute="name|widgetTarget" />
        <property name="content" tag="property" attribute="name|widgetPath" />

        <controls>
            <control type="group">
                <include>OpenCloseVisible</include>
                <skinshortcuts>visibility</skinshortcuts>
                <height>$SKINSHORTCUTS[height]</height>
                <control type="label">
                    <animation effect="fade" start="100" end="63" time="0" condition="!control.hasfocus(70001$SKINSHORTCUTS[mainmenuid])">Conditional</animation>
                    <posx>63</posx>
                    <posy>10</posy>
                    <height>50</height>
                    <width>1920</width>
                    <font>FacadeListSubFont</font>
                    <include>TextColor_MainColor</include>
                    <scroll>false</scroll>
                    <label>$SKINSHORTCUTS[title]</label>
                </control>
                <control type="list" id="70001$SKINSHORTCUTS[mainmenuid]">
                    <onright condition="Skin.HasSetting(VerticalHome)">60</onright>
                    <onup>300</onup>
                    <ondown>70002$SKINSHORTCUTS[mainmenuid]</ondown>
                    <onleft condition="Skin.HasSetting(VerticalHome)">300</onleft>
                    <include content="Widget_$SKINSHORTCUTS[gfxType]">
                        <param name="id" value="70001$SKINSHORTCUTS[mainmenuid]"/>
                        <param name="labelTitle" value="$SKINSHORTCUTS[labelTitle]"/>
                        <param name="labelSubTitle" value="$SKINSHORTCUTS[labelSubTitle]"/>
                    </include>
                    <content limit="$VAR[WidgetLimit]" sortby="$SKINSHORTCUTS[sortby]" sortorder="$SKINSHORTCUTS[sortdirection]" target="$SKINSHORTCUTS[target]">$SKINSHORTCUTS[content]</content>
                </control>
                <control type="image">
                    <visible>Container(70001$SKINSHORTCUTS[mainmenuid]).IsUpdating</visible>
                    <animation effect="rotate" center="auto" start="360" end="0" time="1500" loop="true" condition="true">Conditional</animation>
                    <include>Widget_Empty_NoBorder_$SKINSHORTCUTS[gfxType]</include>
                    <aspectratio align="center" aligny="center">keep</aspectratio>
                    <texture>$VAR[Theme.Color]/OSD/loading.png</texture>
                </control>
                <control type="image">
                    <visible>!Integer.IsGreater(Container(70001$SKINSHORTCUTS[mainmenuid]).NumItems,0)+!Container(70001$SKINSHORTCUTS[mainmenuid]).IsUpdating</visible>
                    <animation type="Conditional" reversible="false" condition="control.hasfocus(70001$SKINSHORTCUTS[mainmenuid])">
                        <effect type="zoom" start="100,100" end="110,110" time="100" center="auto"/>
                        <effect type="zoom" start="100,100" end="95,95" time="50" delay="100" center="auto"/>
                    </animation>
                    <animation effect="fade" start="100" end="63" time="0" condition="!control.hasfocus(70001$SKINSHORTCUTS[mainmenuid])">Conditional</animation>
                    <include>Widget_Empty_NoBorder_$SKINSHORTCUTS[gfxType]</include>
                    <aspectratio align="center" aligny="center">keep</aspectratio>
                    <texture>$VAR[Theme.Color]/defaultEmptyBig.png</texture>
                    <fadetime>300</fadetime>
                </control>
                <control type="button" id="70001$SKINSHORTCUTS[mainmenuid]">
                    <visible>Integer.IsEqual(Container(70001$SKINSHORTCUTS[mainmenuid]).Numitems,0)</visible>
                    <include>ThumbFocusAnimation</include>
                    <onright condition="Skin.HasSetting(VerticalHome)">60</onright>
                    <onup>300</onup>
                    <ondown>70002$SKINSHORTCUTS[mainmenuid]</ondown>
                    <onleft condition="Skin.HasSetting(VerticalHome)">300</onleft>
                    <include>Widget_Empty_$SKINSHORTCUTS[gfxType]</include>
                    <include>Empty_TextureFocus</include>
                    <include>Empty_TextureNoFocus</include>
                    <onclick>noop</onclick>
                </control>
            </control>
        </controls>
    </other>
    <other include="widget.1">

        <condition tag="property" attribute="name|widgetPath.1" />
        <property name="mainmenuid" tag="mainmenuid" />

        <property name="height" tag="property" attribute="name|widgetAspect.1" value="31117">599</property>
        <property name="height" tag="property" attribute="name|widgetAspect.1" value="31119">415</property>
        <property name="height" tag="property" attribute="name|widgetAspect.1" value="31118|Icon - 1:1">511</property>
        <property name="height" tag="property" attribute="name|widgetAspect.1" value="31120">460</property>

        <property name="gfxType" tag="property" attribute="name|widgetAspect.1" value="31117">Poster</property>
        <property name="gfxType" tag="property" attribute="name|widgetAspect.1" value="31119">Episode</property>
        <property name="gfxType" tag="property" attribute="name|widgetAspect.1" value="31118|Icon - 1:1">Square</property>
        <property name="gfxType" tag="property" attribute="name|widgetAspect.1" value="31120">Channel</property>

        <property name="labelTitle" tag="property" attribute="name|widgetAspect.1" value="31117">$INFO[ListItem.TVShowTitle,,     ]$INFO[ListItem.Label]</property>
        <property name="labelTitle" tag="property" attribute="name|widgetAspect.1" value="31119">$INFO[ListItem.TVShowTitle,,     ]$INFO[ListItem.Label]</property>
        <property name="labelTitle" tag="property" attribute="name|widgetAspect.1" value="31118|Icon - 1:1">$INFO[ListItem.Label]</property>
        <property name="labelTitle" tag="property" attribute="name|widgetAspect.1" value="31120">$INFO[ListItem.Label]</property>

        <property name="labelSubTitle" tag="property" attribute="name|widgetAspect.1" value="31117">$INFO[ListItem.Rating,,     ]$INFO[ListItem.Year]$INFO[ListItem.Duration,     , $LOCALIZE[31297]]</property>
        <property name="labelSubTitle" tag="property" attribute="name|widgetAspect.1" value="31119">$INFO[ListItem.Rating,,     ]$INFO[ListItem.Year,,     ]$INFO[ListItem.Duration,, $LOCALIZE[31297]]</property>
        <property name="labelSubTitle" tag="property" attribute="name|widgetAspect.1" value="31118|Icon - 1:1">$INFO[ListItem.Artist]$INFO[ListItem.Rating,     ]$INFO[ListItem.Year,     ]$INFO[ListItem.Duration,     , $LOCALIZE[31297]]</property>
        <property name="labelSubTitle" tag="property" attribute="name|widgetAspect.1" value="31120">$INFO[ListItem.Label2,,     ]$INFO[ListItem.Duration]</property>

        <property name="title" tag="property" attribute="name|widgetName.1" />
        <property name="sortby" tag="property" attribute="name|widgetSortBy.1" />
        <property name="sortdirection" tag="property" attribute="name|widgetSortDirection.1" />
        <property name="target" tag="property" attribute="name|widgetTarget.1" />
        <property name="content" tag="property" attribute="name|widgetPath.1" />

        <controls>
            <control type="group">
                <include>OpenCloseVisible</include>
                <skinshortcuts>visibility</skinshortcuts>
                <height>$SKINSHORTCUTS[height]</height>
                <control type="label">
                    <animation effect="fade" start="100" end="63" time="0" condition="!control.hasfocus(70002$SKINSHORTCUTS[mainmenuid])">Conditional</animation>
                    <posx>63</posx>
                    <posy>10</posy>
                    <height>50</height>
                    <width>1920</width>
                    <font>FacadeListSubFont</font>
                    <include>TextColor_MainColor</include>
                    <scroll>false</scroll>
                    <label>$SKINSHORTCUTS[title]</label>
                </control>
                <control type="list" id="70002$SKINSHORTCUTS[mainmenuid]">
                    <onright condition="Skin.HasSetting(VerticalHome)">60</onright>
                    <onup>70001$SKINSHORTCUTS[mainmenuid]</onup>
                    <ondown>70003$SKINSHORTCUTS[mainmenuid]</ondown>
                    <onleft condition="Skin.HasSetting(VerticalHome)">300</onleft>
                    <include content="Widget_$SKINSHORTCUTS[gfxType]">
                        <param name="id" value="70002$SKINSHORTCUTS[mainmenuid]"/>
                        <param name="labelTitle" value="$SKINSHORTCUTS[labelTitle]"/>
                        <param name="labelSubTitle" value="$SKINSHORTCUTS[labelSubTitle]"/>
                    </include>
                    <content limit="$VAR[WidgetLimit]" sortby="$SKINSHORTCUTS[sortby]" sortorder="$SKINSHORTCUTS[sortdirection]" target="$SKINSHORTCUTS[target]">$SKINSHORTCUTS[content]</content>
                </control>
                <control type="image">
                    <visible>Container(70002$SKINSHORTCUTS[mainmenuid]).IsUpdating</visible>
                    <animation effect="rotate" center="auto" start="360" end="0" time="1500" loop="true" condition="true">Conditional</animation>
                    <include>Widget_Empty_NoBorder_$SKINSHORTCUTS[gfxType]</include>
                    <aspectratio align="center" aligny="center">keep</aspectratio>
                    <texture>$VAR[Theme.Color]/OSD/loading.png</texture>
                </control>
                <control type="image">
                    <visible>!Integer.IsGreater(Container(70002$SKINSHORTCUTS[mainmenuid]).NumItems,0)+!Container(70002$SKINSHORTCUTS[mainmenuid]).IsUpdating</visible>
                    <animation type="Conditional" reversible="false" condition="control.hasfocus(70002$SKINSHORTCUTS[mainmenuid])">
                        <effect type="zoom" start="100,100" end="110,110" time="100" center="auto"/>
                        <effect type="zoom" start="100,100" end="95,95" time="50" delay="100" center="auto"/>
                    </animation>
                    <animation effect="fade" start="100" end="63" time="0" condition="!control.hasfocus(70002$SKINSHORTCUTS[mainmenuid])">Conditional</animation>
                    <include>Widget_Empty_NoBorder_$SKINSHORTCUTS[gfxType]</include>
                    <aspectratio align="center" aligny="center">keep</aspectratio>
                    <texture>$VAR[Theme.Color]/defaultEmptyBig.png</texture>
                    <fadetime>300</fadetime>
                </control>
                <control type="button" id="70002$SKINSHORTCUTS[mainmenuid]">
                    <visible>Integer.IsEqual(Container(70002$SKINSHORTCUTS[mainmenuid]).Numitems,0)</visible>
                    <include>ListFocusAnimation</include>
                    <onright condition="Skin.HasSetting(VerticalHome)">60</onright>
                    <onup>70001$SKINSHORTCUTS[mainmenuid]</onup>
                    <ondown>70003$SKINSHORTCUTS[mainmenuid]</ondown>
                    <onleft condition="Skin.HasSetting(VerticalHome)">300</onleft>
                    <include>Widget_Empty_$SKINSHORTCUTS[gfxType]</include>
                    <include>Empty_TextureFocus</include>
                    <include>Empty_TextureNoFocus</include>
                    <onclick>noop</onclick>
                </control>
            </control>
        </controls>
    </other>
    <other include="widget.2">

        <condition tag="property" attribute="name|widgetPath.2" />
        <property name="mainmenuid" tag="mainmenuid" />

        <property name="height" tag="property" attribute="name|widgetAspect.2" value="31117">599</property>
        <property name="height" tag="property" attribute="name|widgetAspect.2" value="31119">415</property>
        <property name="height" tag="property" attribute="name|widgetAspect.2" value="31118|Icon - 1:1">511</property>
        <property name="height" tag="property" attribute="name|widgetAspect.2" value="31120">460</property>

        <property name="gfxType" tag="property" attribute="name|widgetAspect.2" value="31117">Poster</property>
        <property name="gfxType" tag="property" attribute="name|widgetAspect.2" value="31119">Episode</property>
        <property name="gfxType" tag="property" attribute="name|widgetAspect.2" value="31118|Icon - 1:1">Square</property>
        <property name="gfxType" tag="property" attribute="name|widgetAspect.2" value="31120">Channel</property>

        <property name="labelTitle" tag="property" attribute="name|widgetAspect.2" value="31117">$INFO[ListItem.TVShowTitle,,     ]$INFO[ListItem.Label]</property>
        <property name="labelTitle" tag="property" attribute="name|widgetAspect.2" value="31119">$INFO[ListItem.TVShowTitle,,     ]$INFO[ListItem.Label]</property>
        <property name="labelTitle" tag="property" attribute="name|widgetAspect.2" value="31118|Icon - 1:1">$INFO[ListItem.Label]</property>
        <property name="labelTitle" tag="property" attribute="name|widgetAspect.2" value="31120">$INFO[ListItem.Label]</property>

        <property name="labelSubTitle" tag="property" attribute="name|widgetAspect.2" value="31117">$INFO[ListItem.Rating,,     ]$INFO[ListItem.Year]$INFO[ListItem.Duration,     , $LOCALIZE[31297]]</property>
        <property name="labelSubTitle" tag="property" attribute="name|widgetAspect.2" value="31119">$INFO[ListItem.Rating,,     ]$INFO[ListItem.Year,,     ]$INFO[ListItem.Duration,, $LOCALIZE[31297]]</property>
        <property name="labelSubTitle" tag="property" attribute="name|widgetAspect.2" value="31118|Icon - 1:1">$INFO[ListItem.Artist]$INFO[ListItem.Rating,     ]$INFO[ListItem.Year,     ]$INFO[ListItem.Duration,     , $LOCALIZE[31297]]</property>
        <property name="labelSubTitle" tag="property" attribute="name|widgetAspect.2" value="31120">$INFO[ListItem.Label2,,     ]$INFO[ListItem.Duration]</property>

        <property name="title" tag="property" attribute="name|widgetName.2" />
        <property name="sortby" tag="property" attribute="name|widgetSortBy.2" />
        <property name="sortdirection" tag="property" attribute="name|widgetSortDirection.2" />
        <property name="target" tag="property" attribute="name|widgetTarget.2" />
        <property name="content" tag="property" attribute="name|widgetPath.2" />

        <controls>
            <control type="group">
                <include>OpenCloseVisible</include>
                <skinshortcuts>visibility</skinshortcuts>
                <height>$SKINSHORTCUTS[height]</height>
                <control type="label">
                    <animation effect="fade" start="100" end="63" time="0" condition="!control.hasfocus(70003$SKINSHORTCUTS[mainmenuid])">Conditional</animation>
                    <posx>63</posx>
                    <posy>10</posy>
                    <height>50</height>
                    <width>1920</width>
                    <font>FacadeListSubFont</font>
                    <include>TextColor_MainColor</include>
                    <scroll>false</scroll>
                    <label>$SKINSHORTCUTS[title]</label>
                </control>
                <control type="list" id="70003$SKINSHORTCUTS[mainmenuid]">
                    <onright condition="Skin.HasSetting(VerticalHome)">60</onright>
                    <onup>70002$SKINSHORTCUTS[mainmenuid]</onup>
                    <ondown>70004$SKINSHORTCUTS[mainmenuid]</ondown>
                    <onleft condition="Skin.HasSetting(VerticalHome)">300</onleft>
                    <include content="Widget_$SKINSHORTCUTS[gfxType]">
                        <param name="id" value="70003$SKINSHORTCUTS[mainmenuid]"/>
                        <param name="labelTitle" value="$SKINSHORTCUTS[labelTitle]"/>
                        <param name="labelSubTitle" value="$SKINSHORTCUTS[labelSubTitle]"/>
                    </include>
                    <content limit="$VAR[WidgetLimit]" sortby="$SKINSHORTCUTS[sortby]" sortorder="$SKINSHORTCUTS[sortdirection]" target="$SKINSHORTCUTS[target]">$SKINSHORTCUTS[content]</content>
                </control>
                <control type="image">
                    <visible>Container(70003$SKINSHORTCUTS[mainmenuid]).IsUpdating</visible>
                    <animation effect="rotate" center="auto" start="360" end="0" time="1500" loop="true" condition="true">Conditional</animation>
                    <include>Widget_Empty_NoBorder_$SKINSHORTCUTS[gfxType]</include>
                    <aspectratio align="center" aligny="center">keep</aspectratio>
                    <texture>$VAR[Theme.Color]/OSD/loading.png</texture>
                </control>
                <control type="image">
                    <visible>!Integer.IsGreater(Container(70003$SKINSHORTCUTS[mainmenuid]).NumItems,0)+!Container(70003$SKINSHORTCUTS[mainmenuid]).IsUpdating</visible>
                    <animation type="Conditional" reversible="false" condition="control.hasfocus(70003$SKINSHORTCUTS[mainmenuid])">
                        <effect type="zoom" start="100,100" end="110,110" time="100" center="auto"/>
                        <effect type="zoom" start="100,100" end="95,95" time="50" delay="100" center="auto"/>
                    </animation>
                    <animation effect="fade" start="100" end="63" time="0" condition="!control.hasfocus(70003$SKINSHORTCUTS[mainmenuid])">Conditional</animation>
                    <include>Widget_Empty_NoBorder_$SKINSHORTCUTS[gfxType]</include>
                    <aspectratio align="center" aligny="center">keep</aspectratio>
                    <texture>$VAR[Theme.Color]/defaultEmptyBig.png</texture>
                    <fadetime>300</fadetime>
                </control>
                <control type="button" id="70003$SKINSHORTCUTS[mainmenuid]">
                    <visible>Integer.IsEqual(Container(70003$SKINSHORTCUTS[mainmenuid]).Numitems,0)</visible>
                    <include>ListFocusAnimation</include>
                    <onright condition="Skin.HasSetting(VerticalHome)">60</onright>
                    <onup>70002$SKINSHORTCUTS[mainmenuid]</onup>
                    <ondown>70004$SKINSHORTCUTS[mainmenuid]</ondown>
                    <onleft condition="Skin.HasSetting(VerticalHome)">300</onleft>
                    <include>Widget_Empty_$SKINSHORTCUTS[gfxType]</include>
                    <include>Empty_TextureFocus</include>
                    <include>Empty_TextureNoFocus</include>
                    <onclick>noop</onclick>
                </control>
            </control>
        </controls>
    </other>
    <other include="widget.3">

        <condition tag="property" attribute="name|widgetPath.3" />
        <property name="mainmenuid" tag="mainmenuid" />

        <property name="height" tag="property" attribute="name|widgetAspect.3" value="31117">599</property>
        <property name="height" tag="property" attribute="name|widgetAspect.3" value="31119">415</property>
        <property name="height" tag="property" attribute="name|widgetAspect.3" value="31118|Icon - 1:1">511</property>
        <property name="height" tag="property" attribute="name|widgetAspect.3" value="31120">460</property>

        <property name="gfxType" tag="property" attribute="name|widgetAspect.3" value="31117">Poster</property>
        <property name="gfxType" tag="property" attribute="name|widgetAspect.3" value="31119">Episode</property>
        <property name="gfxType" tag="property" attribute="name|widgetAspect.3" value="31118|Icon - 1:1">Square</property>
        <property name="gfxType" tag="property" attribute="name|widgetAspect.3" value="31120">Channel</property>

        <property name="labelTitle" tag="property" attribute="name|widgetAspect.3" value="31117">$INFO[ListItem.TVShowTitle,,     ]$INFO[ListItem.Label]</property>
        <property name="labelTitle" tag="property" attribute="name|widgetAspect.3" value="31119">$INFO[ListItem.TVShowTitle,,     ]$INFO[ListItem.Label]</property>
        <property name="labelTitle" tag="property" attribute="name|widgetAspect.3" value="31118|Icon - 1:1">$INFO[ListItem.Label]</property>
        <property name="labelTitle" tag="property" attribute="name|widgetAspect.3" value="31120">$INFO[ListItem.Label]</property>

        <property name="labelSubTitle" tag="property" attribute="name|widgetAspect.3" value="31117">$INFO[ListItem.Rating,,     ]$INFO[ListItem.Year]$INFO[ListItem.Duration,     , $LOCALIZE[31297]]</property>
        <property name="labelSubTitle" tag="property" attribute="name|widgetAspect.3" value="31119">$INFO[ListItem.Rating,,     ]$INFO[ListItem.Year,,     ]$INFO[ListItem.Duration,, $LOCALIZE[31297]]</property>
        <property name="labelSubTitle" tag="property" attribute="name|widgetAspect.3" value="31118|Icon - 1:1">$INFO[ListItem.Artist]$INFO[ListItem.Rating,     ]$INFO[ListItem.Year,     ]$INFO[ListItem.Duration,     , $LOCALIZE[31297]]</property>
        <property name="labelSubTitle" tag="property" attribute="name|widgetAspect.3" value="31120">$INFO[ListItem.Label2,,     ]$INFO[ListItem.Duration]</property>

        <property name="title" tag="property" attribute="name|widgetName.3" />
        <property name="sortby" tag="property" attribute="name|widgetSortBy.3" />
        <property name="sortdirection" tag="property" attribute="name|widgetSortDirection.3" />
        <property name="target" tag="property" attribute="name|widgetTarget.3" />
        <property name="content" tag="property" attribute="name|widgetPath.3" />

        <controls>
            <control type="group">
                <include>OpenCloseVisible</include>
                <skinshortcuts>visibility</skinshortcuts>
                <height>$SKINSHORTCUTS[height]</height>
                <control type="label">
                    <animation effect="fade" start="100" end="63" time="0" condition="!control.hasfocus(70004$SKINSHORTCUTS[mainmenuid])">Conditional</animation>
                    <posx>63</posx>
                    <posy>10</posy>
                    <height>50</height>
                    <width>1920</width>
                    <font>FacadeListSubFont</font>
                    <include>TextColor_MainColor</include>
                    <scroll>false</scroll>
                    <label>$SKINSHORTCUTS[title]</label>
                </control>
                <control type="list" id="70004$SKINSHORTCUTS[mainmenuid]">
                    <onright condition="Skin.HasSetting(VerticalHome)">60</onright>
                    <onup>70003$SKINSHORTCUTS[mainmenuid]</onup>
                    <ondown>70005$SKINSHORTCUTS[mainmenuid]</ondown>
                    <onleft condition="Skin.HasSetting(VerticalHome)">300</onleft>
                    <include content="Widget_$SKINSHORTCUTS[gfxType]">
                        <param name="id" value="70004$SKINSHORTCUTS[mainmenuid]"/>
                        <param name="labelTitle" value="$SKINSHORTCUTS[labelTitle]"/>
                        <param name="labelSubTitle" value="$SKINSHORTCUTS[labelSubTitle]"/>
                    </include>
                    <content limit="$VAR[WidgetLimit]" sortby="$SKINSHORTCUTS[sortby]" sortorder="$SKINSHORTCUTS[sortdirection]" target="$SKINSHORTCUTS[target]">$SKINSHORTCUTS[content]</content>
                </control>
                <control type="image">
                    <visible>Container(70004$SKINSHORTCUTS[mainmenuid]).IsUpdating</visible>
                    <animation effect="rotate" center="auto" start="360" end="0" time="1500" loop="true" condition="true">Conditional</animation>
                    <include>Widget_Empty_NoBorder_$SKINSHORTCUTS[gfxType]</include>
                    <aspectratio align="center" aligny="center">keep</aspectratio>
                    <texture>$VAR[Theme.Color]/OSD/loading.png</texture>
                </control>
                <control type="image">
                    <visible>!Integer.IsGreater(Container(70004$SKINSHORTCUTS[mainmenuid]).NumItems,0)+!Container(70004$SKINSHORTCUTS[mainmenuid]).IsUpdating</visible>
                    <animation type="Conditional" reversible="false" condition="control.hasfocus(70004$SKINSHORTCUTS[mainmenuid])">
                        <effect type="zoom" start="100,100" end="110,110" time="100" center="auto"/>
                        <effect type="zoom" start="100,100" end="95,95" time="50" delay="100" center="auto"/>
                    </animation>
                    <animation effect="fade" start="100" end="63" time="0" condition="!control.hasfocus(70004$SKINSHORTCUTS[mainmenuid])">Conditional</animation>
                    <include>Widget_Empty_NoBorder_$SKINSHORTCUTS[gfxType]</include>
                    <aspectratio align="center" aligny="center">keep</aspectratio>
                    <texture>$VAR[Theme.Color]/defaultEmptyBig.png</texture>
                    <fadetime>300</fadetime>
                </control>
                <control type="button" id="70004$SKINSHORTCUTS[mainmenuid]">
                    <visible>Integer.IsEqual(Container(70004$SKINSHORTCUTS[mainmenuid]).Numitems,0)</visible>
                    <include>ListFocusAnimation</include>
                    <onright condition="Skin.HasSetting(VerticalHome)">60</onright>
                    <onup>70003$SKINSHORTCUTS[mainmenuid]</onup>
                    <ondown>70005$SKINSHORTCUTS[mainmenuid]</ondown>
                    <onleft condition="Skin.HasSetting(VerticalHome)">300</onleft>
                    <include>Widget_Empty_$SKINSHORTCUTS[gfxType]</include>
                    <include>Empty_TextureFocus</include>
                    <include>Empty_TextureNoFocus</include>
                    <onclick>noop</onclick>
                </control>
            </control>
        </controls>
    </other>
    <other include="widget.4">

        <condition tag="property" attribute="name|widgetPath.4" />
        <property name="mainmenuid" tag="mainmenuid" />

        <property name="height" tag="property" attribute="name|widgetAspect.4" value="31117">599</property>
        <property name="height" tag="property" attribute="name|widgetAspect.4" value="31119">415</property>
        <property name="height" tag="property" attribute="name|widgetAspect.4" value="31118|Icon - 1:1">511</property>
        <property name="height" tag="property" attribute="name|widgetAspect.4" value="31120">460</property>

        <property name="gfxType" tag="property" attribute="name|widgetAspect.4" value="31117">Poster</property>
        <property name="gfxType" tag="property" attribute="name|widgetAspect.4" value="31119">Episode</property>
        <property name="gfxType" tag="property" attribute="name|widgetAspect.4" value="31118|Icon - 1:1">Square</property>
        <property name="gfxType" tag="property" attribute="name|widgetAspect.4" value="31120">Channel</property>

        <property name="labelTitle" tag="property" attribute="name|widgetAspect.4" value="31117">$INFO[ListItem.TVShowTitle,,     ]$INFO[ListItem.Label]</property>
        <property name="labelTitle" tag="property" attribute="name|widgetAspect.4" value="31119">$INFO[ListItem.TVShowTitle,,     ]$INFO[ListItem.Label]</property>
        <property name="labelTitle" tag="property" attribute="name|widgetAspect.4" value="31118|Icon - 1:1">$INFO[ListItem.Label]</property>
        <property name="labelTitle" tag="property" attribute="name|widgetAspect.4" value="31120">$INFO[ListItem.Label]</property>

        <property name="labelSubTitle" tag="property" attribute="name|widgetAspect.4" value="31117">$INFO[ListItem.Rating,,     ]$INFO[ListItem.Year]$INFO[ListItem.Duration,     , $LOCALIZE[31297]]</property>
        <property name="labelSubTitle" tag="property" attribute="name|widgetAspect.4" value="31119">$INFO[ListItem.Rating,,     ]$INFO[ListItem.Year,,     ]$INFO[ListItem.Duration,, $LOCALIZE[31297]]</property>
        <property name="labelSubTitle" tag="property" attribute="name|widgetAspect.4" value="31118|Icon - 1:1">$INFO[ListItem.Artist]$INFO[ListItem.Rating,     ]$INFO[ListItem.Year,     ]$INFO[ListItem.Duration,     , $LOCALIZE[31297]]</property>
        <property name="labelSubTitle" tag="property" attribute="name|widgetAspect.4" value="31120">$INFO[ListItem.Label2,,     ]$INFO[ListItem.Duration]</property>

        <property name="title" tag="property" attribute="name|widgetName.4" />
        <property name="sortby" tag="property" attribute="name|widgetSortBy.4" />
        <property name="sortdirection" tag="property" attribute="name|widgetSortDirection.4" />
        <property name="target" tag="property" attribute="name|widgetTarget.4" />
        <property name="content" tag="property" attribute="name|widgetPath.4" />

        <controls>
            <control type="group">
                <include>OpenCloseVisible</include>
                <skinshortcuts>visibility</skinshortcuts>
                <height>$SKINSHORTCUTS[height]</height>
                <control type="label">
                    <animation effect="fade" start="100" end="63" time="0" condition="!control.hasfocus(70005$SKINSHORTCUTS[mainmenuid])">Conditional</animation>
                    <posx>63</posx>
                    <posy>10</posy>
                    <height>50</height>
                    <width>1920</width>
                    <font>FacadeListSubFont</font>
                    <include>TextColor_MainColor</include>
                    <scroll>false</scroll>
                    <label>$SKINSHORTCUTS[title]</label>
                </control>
                <control type="list" id="70005$SKINSHORTCUTS[mainmenuid]">
                    <onright condition="Skin.HasSetting(VerticalHome)">60</onright>
                    <onup>70004$SKINSHORTCUTS[mainmenuid]</onup>
                    <ondown>70005$SKINSHORTCUTS[mainmenuid]</ondown>
                    <onleft condition="Skin.HasSetting(VerticalHome)">300</onleft>
                    <include content="Widget_$SKINSHORTCUTS[gfxType]">
                        <param name="id" value="70005$SKINSHORTCUTS[mainmenuid]"/>
                        <param name="labelTitle" value="$SKINSHORTCUTS[labelTitle]"/>
                        <param name="labelSubTitle" value="$SKINSHORTCUTS[labelSubTitle]"/>
                    </include>
                    <content limit="$VAR[WidgetLimit]" sortby="$SKINSHORTCUTS[sortby]" sortorder="$SKINSHORTCUTS[sortdirection]" target="$SKINSHORTCUTS[target]">$SKINSHORTCUTS[content]</content>
                </control>
                <control type="image">
                    <visible>Container(70005$SKINSHORTCUTS[mainmenuid]).IsUpdating</visible>
                    <animation effect="rotate" center="auto" start="360" end="0" time="1500" loop="true" condition="true">Conditional</animation>
                    <include>Widget_Empty_NoBorder_$SKINSHORTCUTS[gfxType]</include>
                    <aspectratio align="center" aligny="center">keep</aspectratio>
                    <texture>$VAR[Theme.Color]/OSD/loading.png</texture>
                </control>
                <control type="image">
                    <visible>!Integer.IsGreater(Container(70005$SKINSHORTCUTS[mainmenuid]).NumItems,0)+!Container(70005$SKINSHORTCUTS[mainmenuid]).IsUpdating</visible>
                    <animation type="Conditional" reversible="false" condition="control.hasfocus(70005$SKINSHORTCUTS[mainmenuid])">
                        <effect type="zoom" start="100,100" end="110,110" time="100" center="auto"/>
                        <effect type="zoom" start="100,100" end="95,95" time="50" delay="100" center="auto"/>
                    </animation>
                    <animation effect="fade" start="100" end="63" time="0" condition="!control.hasfocus(70005$SKINSHORTCUTS[mainmenuid])">Conditional</animation>
                    <include>Widget_Empty_NoBorder_$SKINSHORTCUTS[gfxType]</include>
                    <aspectratio align="center" aligny="center">keep</aspectratio>
                    <texture>$VAR[Theme.Color]/defaultEmptyBig.png</texture>
                    <fadetime>300</fadetime>
                </control>
                <control type="button" id="70005$SKINSHORTCUTS[mainmenuid]">
                    <visible>Integer.IsEqual(Container(70005$SKINSHORTCUTS[mainmenuid]).Numitems,0)</visible>
                    <include>ListFocusAnimation</include>
                    <onright condition="Skin.HasSetting(VerticalHome)">60</onright>
                    <onup>70004$SKINSHORTCUTS[mainmenuid]</onup>
                    <ondown>70005$SKINSHORTCUTS[mainmenuid]</ondown>
                    <onleft condition="Skin.HasSetting(VerticalHome)">300</onleft>
                    <include>Widget_Empty_$SKINSHORTCUTS[gfxType]</include>
                    <include>Empty_TextureFocus</include>
                    <include>Empty_TextureNoFocus</include>
                    <onclick>noop</onclick>
                </control>
            </control>
        </controls>
    </other>
</template>
