<?xml version='1.0' encoding='UTF-8'?>
<shortcuts>
	<shortcut>
		<defaultID>20387</defaultID>
		<label>20387</label>
		<label2>Videos</label2>
		<icon>DefaultRecentlyAddedEpisodes.png</icon>
		<thumb />
		<action>ActivateWindow(Videos,RecentlyAddedEpisodes,return)</action>
	</shortcut>
	<shortcut>
		<defaultID>626</defaultID>
		<label>626</label>
		<label2>Videos</label2>
		<icon>DefaultShortcut.png</icon>
		<thumb />
		<action>ActivateWindow(Videos,library://video/tvshows/inprogressshows.xml,return)</action>
	</shortcut>
	<shortcut>
		<defaultID>369</defaultID>
		<label>369</label>
		<label2>TV Shows</label2>
		<icon>DefaultTVShowTitle.png</icon>
		<thumb />
		<action>ActivateWindow(Videos,TvShowTitles,return)</action>
	</shortcut>
	<shortcut>
		<defaultID>135</defaultID>
		<label>135</label>
		<label2>TV Shows</label2>
        <icon>DefaultGenre.png</icon>
		<thumb />
		<action>ActivateWindow(Videos,TvShowGenres,return)</action>
	</shortcut>
	<shortcut>
		<defaultID>562</defaultID>
		<label>562</label>
		<label2>TV Shows</label2>
        <icon>DefaultYear.png</icon>
		<thumb />
		<action>ActivateWindow(Videos,TvShowYears,return)</action>
	</shortcut>
	<shortcut>
		<defaultID>344</defaultID>
		<label>344</label>
		<label2>TV Shows</label2>
        <icon>DefaultActor.png</icon>
		<thumb />
		<action>ActivateWindow(Videos,TvShowActors,return)</action>
	</shortcut>
	<shortcut>
		<defaultID>20459</defaultID>
		<label>20459</label>
		<label2>TV Shows</label2>
        <icon>DefaultShortcut.png</icon>
		<thumb />
		<action>ActivateWindow(Videos,TvShowTags,return)</action>
	</shortcut>
	<shortcut>
		<defaultID>136</defaultID>
		<label>136</label>
		<label2>TV Shows</label2>
        <icon>DefaultShortcut.png</icon>
		<thumb />
		<action>ActivateWindow(Videos,Playlists,return)</action>
	</shortcut>
</shortcuts>
