<?xml version="1.0" encoding="utf-8"?>
<window type="dialog">
  <defaultcontrol always="true">9000</defaultcontrol>
    <controls>
        <include>DimBG</include>
        <control type="group">
            <animation effect="slide" start="0,0" end="0,156" time="0" condition="Window.IsActive(DialogPVRChannelsOSD.xml)|Window.IsActive(DialogPVRChannelGuide.xml)">Conditional</animation>
            <control type="group">
                <posy>-30</posy>
                <include>DialogOpenClose</include>
				<control type="label">
                    <posx>60</posx>
                    <posy>70</posy>
                    <width>688</width>
                    <height>78</height>
                    <font>InfoDetailsFont</font>
                    <include>TextColor_MainColor</include>
                    <label>$INFO[ListItem.ChannelNumberLabel,, - ]$INFO[ListItem.ChannelName]</label>
                </control>
                <control type="image">
                    <posx>-200</posx>
                    <posy>240</posy>
                    <width>2320</width>
                    <height>760</height>
                    <include>DialogTransparency</include>
                    <texture border="150,40,150,40">$VAR[Theme.Color]/common/bg_dialog.png</texture>
                </control>
                <control type="image">
                    <posx>100</posx>
                    <posy>190</posy>
                    <width>1720</width>
                    <height>217</height>
                    <texture border="100">$VAR[Theme.Color]/common/bg_list.png</texture>
                </control>
                <control type="image">
                    <posx>100</posx>
                    <posy>836</posy>
                    <width>1720</width>
                    <height>172</height>
                    <texture border="100">$VAR[Theme.Color]/common/bg_list.png</texture>
                </control>
                <control type="image">
                    <posx>10</posx>
                    <posy>390</posy>
                   <width>505</width>
                   <height>475</height>
                    <aspectratio>keep</aspectratio>
                    <texture>$VAR[ThumbsBig]</texture>
                    <include>ThumbBorder</include>
                </control>
                <control type="label">
                    <animation effect="slide" start="0,0" end="0,-15" time="0" condition="!String.IsEmpty(ListItem.EpisodeName)">Conditional</animation>
                    <posx>TextMargin</posx>
                    <posy>253</posy>
                    <width>1800</width>
                    <height>135</height>
                    <align>center</align>
                    <font>InfoTitleFont</font>
                    <include>TextColor_MainColor</include>
                    <label>$INFO[ListItem.Title]</label>
                </control>
                <control type="label">
                    <posx>TextMargin</posx>
                    <posy>325</posy>
                    <width>1800</width>
                    <height>35</height>
                    <align>center</align>
                    <font>InfoTitleSubFont</font>
				    <include>TextColor_MainColor</include>
                    <label>$INFO[ListItem.EpisodeName]</label>
                </control>
     			<control type="textbox" id="400">
					<posx>500</posx>
                    <posy>370</posy>
                    <width>668</width>
                    <height>500</height>
					<font>InfoDetailsFont</font>
                    <include>TextColor_MainColor</include>
					<label>$INFO[ListItem.Season,[COLOR grey]Season: [/COLOR]]$INFO[ListItem.Episode,[COLOR grey] Episode: [/COLOR],[CR]]$INFO[ListItem.StartTime,[COLOR grey]Starts: [/COLOR],]$INFO[ListItem.EndTime,[COLOR grey] Ends: [/COLOR],[CR]]$INFO[ListItem.Duration,[COLOR grey]$LOCALIZE[180]:[/COLOR] ,[CR]]$VAR[ExpirationDateTimeLabel]$INFO[ListItem.Genre,[COLOR grey]$LOCALIZE[515]:[/COLOR] ,[CR]]</label>
				</control>
				<control type="textbox" id="400">
					<posx>500</posx>
                    <posy>580</posy>
                    <width>688</width>
                    <height>262</height>
					<font>InfoDetailsFont</font>
                    <include>TextColor_MainColor</include>
					<label>$INFO[ListItem.Writer,[COLOR grey]$LOCALIZE[20417]:[/COLOR] ,[CR]]$INFO[ListItem.Director,[COLOR grey]$LOCALIZE[20339]:[/COLOR] ,[CR]]$INFO[ListItem.Cast,[COLOR grey]$LOCALIZE[206]:[/COLOR] ,[CR]]</label>
					<include>myautoscroll</include>
				</control>
                <control type="textbox">
                    <posx>1185</posx>
                    <posy>370</posy>
                    <width>720</width>
                    <height>422</height>
                    <include>TextColor_MainColor</include>
                    <label>$INFO[ListItem.Plot]</label>
                    <pagecontrol>6060</pagecontrol>
					<include>myautoscroll</include>
                </control>
                <control type="scrollbar" id="6060">
                    <visible>Skin.HasSetting(ManualScroll)</visible>
                    <posx>1886</posx>
                    <posy>471</posy>
                    <height>249</height>
                    <include>VerticalScroller</include>
                    <onleft>5</onleft>
                    <onright>5</onright>
                </control>
                <control type="grouplist" id="9000">>
                    <posx>0</posx>
                    <posy>877</posy>
                    <width>1920</width>
                    <height>90</height>
                    <itemgap>30</itemgap>
                    <aligny>bottom</aligny>
                    <align>center</align>
                    <orientation>horizontal</orientation>
                    <onup>6060</onup>
                    <ondown>6060</ondown>
                    <onleft>6060</onleft>
                    <onright>6060</onright>
                    <control type="button" id="122">
                        <include>ButtonFocusAnimation</include>
                        <width>348</width>
                        <label>Extended Info</label>
                        <visible>System.HasAddon(script.extendedinfo)</visible>
                        <onclick>Action(Close)</onclick>
                        <onclick>dialog.close(all,true)</onclick>
                        <onclick>RunScript(script.extendedinfo,info=extendedinfo,name=$INFO[ListItem.Title])</onclick>
                    </control>
                
                    <control type="button" id="5">
                        <include>ButtonFocusAnimation</include>
                        <width>348</width>
                        <description>Switch to Channel</description>
                        <label>Change</label>
                        <visible>Window.IsActive(PVRGuideInfo)</visible>
                    </control>
                    <control type="button" id="8">
                        <include>ButtonFocusAnimation</include>
                        <width>348</width>
                        <description>Play recording</description>
                        <label>19687</label>
                     </control>
                    <control type="button" id="6">
                        <include>ButtonFocusAnimation</include>
                        <width>348</width>
                        <description>Record</description>
                        <label></label>
                        <visible>Window.IsActive(PVRGuideInfo)</visible>
                    </control>
                    <control type="button" id="9">
                        <include>ButtonFocusAnimation</include>
                        <width>348</width>
                        <description>Add Timer</description>
                        <!--<label>$LOCALIZE[19061]</label>-->
						<label>Record Series</label>
						<visible>Window.IsActive(PVRGuideInfo)</visible>
                    </control>
					<control type="button" id="11">
						 <include>ButtonFocusAnimation</include>
                        <width>348</width>
                        <description>Add Timer</description>
                        <!--<label>$LOCALIZE[19061]</label>-->
						<label>$ADDON[service.kn.switchtimer 30040]</label>
						<onclick>RunScript(service.kn.switchtimer,action=add,channel=$INFO[ListItem.ChannelName],icon=$INFO[ListItem.Icon],date=$INFO[ListItem.Date],title=$INFO[ListItem.Title])</onclick>
						<visible>System.hasAddon(service.kn.switchtimer) + Window.IsActive(PVRGuideInfo)</visible>
					</control>
						<control type="button" id="7">
                        <width>180</width>
                        <include>ButtonFocusAnimation</include>
                        <description>OK</description>
                        <label>Close</label>
				    </control>
				    
                </control>
            </control>
        </control>
    </controls>
</window>
