<?xml version="1.0" encoding="utf-8"?>
<window>
    <defaultcontrol always="true">9000</defaultcontrol>
    <menucontrol>9000</menucontrol>
    <controls>
        <include condition="!Skin.HasSetting(DisableFanart)">Fanart_Art</include>
        <include>Player_Show</include>
        <include>OverlayFull</include>
        <include>InfoBackground</include>
        <control type="group">
            <animation effect="slide" tween="circle" easing="out" time="250" start="0,0" end="660,0" condition="[ControlGroup(9000).HasFocus()|Control.HasFocus(8999)|Control.HasFocus(9060)]">conditional</animation>
            <include>OpenClose</include>
            <control type="image">
                <posx>0</posx>
                <posy>142</posy>
                <width>1920</width>
                <height>892</height>
                <texture border="100">$VAR[Theme.Color]/common/bg_list.png</texture>
            </control>
            <!--MAIN MENU-->
            <control type="group">
                <visible>String.IsEqual(Window.Property(groupname),mainmenu)</visible>
                <include>VisibleFadeEffect</include>
                <include>SkinShortcuts_Window_Back_Level</include>
                <control type="fixedlist" id="211">
                    <visible>String.IsEqual(Window.Property(groupname),mainmenu)</visible>
                    <include condition="Skin.HasSetting(VerticalHome)">SkinShortcuts_MainMenu_Vertical</include>
                    <include condition="!Skin.HasSetting(VerticalHome)">SkinShortcuts_MainMenu_Horizontal</include>
                </control>
                <include>SkinShortcuts_Widgets</include>
                <include condition="Skin.HasSetting(VerticalHome)">SkinShortcuts_Window_Navigation_Vertical</include>
                <include condition="!Skin.HasSetting(VerticalHome)">SkinShortcuts_Window_Navigation_Horizontal</include>
            </control>
            <!--SUBMENU-->
            <control type="group">
                <visible>!String.IsEqual(Window.Property(groupname),mainmenu)</visible>
                <include>VisibleFadeEffect</include>
                <control type="List" id="211">
                    <visible>!String.IsEqual(Window.Property(groupname),mainmenu)</visible>
                    <posx>0</posx>
                    <posy>183</posy>
                    <width>1920</width>
                    <height>810</height>
                    <itemgap>0</itemgap>
                    <onright>266</onright>
                    <onleft>9000</onleft>
                    <orientation>vertical</orientation>
                    <viewtype label="535">list</viewtype>
                    <preloaditems>2</preloaditems>
                    <pagecontrol>266</pagecontrol>
                    <itemlayout width="1920" height="112">
                        <control type="label">
                            <posx>TextMargin</posx>
                            <posy>15</posy>
                            <height>42</height>
                            <width>1800</width>
                            <font>FacadeListMainFont</font>
                            <include>TextColor_AlternateColor</include>
                            <label>$INFO[ListItem.Label]</label>
                        </control>
                        <control type="label">
                            <posx>TextMargin</posx>
                            <posy>60</posy>
                            <height>28</height>
                            <width>1800</width>
                            <font>FacadeListSubFont</font>
                            <include>TextColor_AlternateColor</include>
                            <label>$INFO[ListItem.Label2]</label>
                        </control>
                    </itemlayout>
                    <focusedlayout width="1920" height="250">
                        <control type="group">
                            <include>ButtonWideFocusAnimation</include>
                            <control type="image">
                                <posx>0</posx>
                                <posy>0</posy>
                                <height>250</height>
                                <width>1920</width>
                                <colordiffuse>$VAR[Picked.Theme.Color]</colordiffuse>
                                <texture border="1">$VAR[Theme.Color]/list/bg_facade_focus.png</texture>
                            </control>
                            <control type="label">
                                <posx>TextMargin</posx>
                                <posy>25</posy>
                                <width>1191</width>
                                <aligny>top</aligny>
                                <font>InfoTitleFont</font>
                                <include>TextColor_MainColor</include>
                                <scroll>false</scroll>
                                <label>$INFO[ListItem.Label]</label>
                            </control>
                            <control type="image">
                                <description>Default Seperator</description>
                                <posx>0</posx>
                                <posy>96</posy>
                                <width>1920</width>
                                <height>1</height>
                                <texture border="150,0,150,0">$VAR[Theme.Color]/list/bg_facade_separator.png</texture>
                            </control>
                            <control type="group">
                                <posx>0</posx>
                                <posy>35</posy>
                                <control type="label">
                                    <posx>TextMargin</posx>
                                    <posy>65</posy>
                                    <width>1800</width>
                                    <height>71</height>
                                    <font>InfoDetailsFont</font>
                                    <include>TextColor_MainColor</include>
                                    <scroll>false</scroll>
                                    <label>$INFO[ListItem.Label2]</label>
                                </control>
                                <control type="label">
                                    <posx>TextMargin</posx>
                                    <posy>128</posy>
                                    <width>1800</width>
                                    <height>71</height>
                                    <font>InfoDetailsFont</font>
                                    <include>TextColor_MainColor</include>
                                    <scroll>false</scroll>
                                    <label>$INFO[ListItem.Property(Path)]</label>
                                </control>
                            </control>
                        </control>
                    </focusedlayout>
                </control>
                <control type="scrollbar" id="266">
                    <posx>1886</posx>
                    <posy>183</posy>
                    <height>810</height>
                    <include>VerticalScroller</include>
                    <onleft>211</onleft>
                    <onright>266</onright>
                </control>
            </control>
        </control>
        <control type="label" id="500">
            <include>OpenClose</include>
            <include>WindowTitle</include>
        </control>
        <control type="label">
            <include>OpenClose</include>
            <include>WindowTitleSub</include>
            <label>$LOCALIZE[5]</label>
        </control>
        <include>FooterInfo</include>
        <include>Time</include>
        <!-- SIDE MENU -->
        <control type="group">
            <include>LeftMenu</include>
            <control type="grouplist" id="9000">
                <include>LeftMenuButtonGroup</include>
                <onright>211</onright>
                <ondown>9000</ondown>
                <onback>211</onback>
                <control type="label" id="7965">
                    <include>LeftMenuTitleLabel</include>
                    <label>$LOCALIZE[31988]</label>
                </control>
                <control type="button" id="301">
                    <description>Add a new shortcut</description>
                    <include>LeftMenuButton</include>
                    <onclick>noop</onclick>
                    <label>$ADDON[script.skinshortcuts 32000]</label>
                </control>
                <control type="button" id="302">
                    <description>Delete shortcut</description>
                    <include>LeftMenuButton</include>
                    <onclick>noop</onclick>
                    <label>$ADDON[script.skinshortcuts 32001]</label>
                </control>
                <control type="button" id="313">
                    <description>Disable shortcut</description>
                    <include>LeftMenuButton</include>
                    <onclick>noop</onclick>
                    <label>$VAR[SkinShortcutDisabledLabel]</label>
                </control>
                <control type="button" id="303">
                    <description>Move shortcut up</description>
                    <include>LeftMenuButton</include>
                    <onclick>noop</onclick>
                    <label>$VAR[SkinShortcutsMoveUpLabel]</label>
                </control>
                <control type="button" id="304">
                    <description>Move shortcut down</description>
                    <include>LeftMenuButton</include>
                    <onclick>noop</onclick>
                    <label>$VAR[SkinShortcutsMoveDownLabel]</label>
                </control>
                <control type="button" id="401">
                    <description>Alternative method to set a shortcut</description>
                    <include>LeftMenuButton</include>
                    <onclick>noop</onclick>
                    <label>$ADDON[script.skinshortcuts 32048]</label>
                </control>
                <control type="button" id="307">
                    <description>Change shortcut action</description>
                    <include>LeftMenuButton</include>
                    <onclick>noop</onclick>
                    <label>$ADDON[script.skinshortcuts 32027]</label>
                </control>
                <control type="button" id="305">
                    <description>Change shortcut label</description>
                    <include>LeftMenuButton</include>
                    <onclick>noop</onclick>
                    <label>$ADDON[script.skinshortcuts 32025]</label>
                </control>
                <control type="button" id="306">
                    <visible>String.IsEqual(Window.Property(groupname),mainmenu)</visible>
                    <visible>!Skin.HasSetting(VerticalHome)</visible>
                    <description>Change shortcut thumbnail</description>
                    <include>LeftMenuButton</include>
                    <onclick>noop</onclick>
                    <label>$ADDON[script.skinshortcuts 32026]</label>
                </control>
                <control type="button" id="310">
                    <visible>String.IsEqual(Window.Property(groupname),mainmenu)</visible>
                    <visible>!Skin.HasSetting(Home_DefaultBG)</visible>
                    <description>Change shortcut background</description>
                    <include>LeftMenuButton</include>
                    <onclick>noop</onclick>
                    <label>$ADDON[script.skinshortcuts 32045]</label>
                </control>
                <!--<control type="button" id="309">-->
                <!--<visible>!Skin.HasSetting(Hide.RecentlyAdded)</visible>-->
                <!--<visible>String.IsEqual(Window.Property(groupname),mainmenu)</visible>-->
                <!--<description>Select Widgets</description>-->
                <!--<include>LeftMenuButton</include>-->
                <!--<onclick>noop</onclick>-->
                <!--<label>$ADDON[script.skinshortcuts 32044]</label>-->
                <!--</control>-->
                <control type="button" id="405">
                    <visible>String.IsEqual(Window.Property(groupname),mainmenu)</visible>
                    <description>Submenu</description>
                    <label>$ADDON[script.skinshortcuts 32072]</label>
                    <include>LeftMenuButton</include>
                </control>
                <!--<control type="button" id="308">-->
                <!--<description>Reset shortcuts</description>-->
                <!--<include>LeftMenuButton</include>-->
                <!--<onclick>noop</onclick>-->
                <!--<label>$ADDON[script.skinshortcuts 32028]</label>-->
                <!--</control>-->
            </control>
            <include>LeftMenuScroller</include>
        </control>
        <control type="button" id="312">
            <posy>-10000</posy>
            <visible>!Skin.HasSetting(Hide.RecentlyAdded)</visible>
            <visible>String.IsEqual(Window.Property(groupname),mainmenu)</visible>
            <description>Select Widgets Advanced</description>
            <label>$ADDON[script.skinshortcuts 32044] 1</label>
        </control>
        <!-- 404, for setting custom property -->
        <control type="button" id="404">
            <visible>False</visible>
            <left>-100000</left>
            <top>-100000</top>
            <width>1</width>
            <height>1</height>
            <onclick>noop</onclick>
        </control>
    </controls>
</window>
