<?xml version="1.0" encoding="UTF-8"?>
<window type="dialog">
    <zorder>1</zorder>
    <defaultcontrol>9000</defaultcontrol>
    <menucontrol>9000</menucontrol>
    <controls>
        <include>DimBG</include>
        <control type="group">
            <animation effect="slide" tween="circle" easing="out" time="250" start="0,0" end="660,0" condition="[Control.HasFocus(9000)|Control.HasFocus(8999)|Control.HasFocus(9060)]">conditional</animation>
            <include>DialogOpenClose</include>
            <control type="image">
                <posx>-760</posx>
                <posy>150</posy>
                <width>2930</width>
                <height>876</height>
                <include>DialogTransparency</include>
                <texture border="150,40,150,40">$VAR[Theme.Color]/common/bg_dialog.png</texture>
            </control>
            <control type="image">
                <posx>100</posx>
                <posy>142</posy>
                <width>1720</width>
                <height>217</height>
                <texture border="100">$VAR[Theme.Color]/common/bg_list.png</texture>
            </control>
            <control type="image">
                <posx>100</posx>
                <posy>862</posy>
                <width>1720</width>
                <height>172</height>
                <texture border="100">$VAR[Theme.Color]/common/bg_list.png</texture>
            </control>
            <control type="label">
                <posx>TextMargin</posx>
                <posy>183</posy>
                <width>1800</width>
                <height>105</height>
                <align>center</align>
                <font>InfoTitleFont</font>
                <include>TextColor_MainColor</include>
                <label>$LOCALIZE[15020]</label>
            </control>
            <!--AVAILABLE MODES-->
            <control type="group">
                <posx>0</posx>
                <posy>0</posy>
                <control type="label">
                    <posx>0</posx>
                    <posy>270</posy>
                    <width>960</width>
                    <height>35</height>
                    <align>center</align>
                    <font>InfoTitleSubFont</font>
                    <include>TextColor_MainColor</include>
                    <label>$LOCALIZE[15050] - $INFO[Container(20).NumItems] $LOCALIZE[31025]</label>
                </control>
                <control type="list" id="20">
                    <posx>0</posx>
                    <posy>318</posy>
                    <width>960</width>
                    <height>585</height>
                    <onup>20</onup>
                    <ondown>9001</ondown>
                    <onleft>9000</onleft>
                    <onright>60</onright>
                    <pagecontrol>60</pagecontrol>
                    <itemlayout width="960" height="78">
                        <control type="label">
                            <posx>TextMargin</posx>
                            <height>78</height>
                            <width>840</width>
                            <font>FacadeListMainFont</font>
                            <include>TextColor_AlternateColor</include>
                            <label>$INFO[ListItem.Label2]: $INFO[ListItem.Label]</label>
                        </control>
                    </itemlayout>
                    <focusedlayout width="960" height="195">
                        <control type="group">
                            <include>ButtonFocusAnimation</include>
                            <control type="image">
                                <visible>control.hasfocus(20)</visible>
                                <posx>0</posx>
                                <posy>0</posy>
                                <height>195</height>
                                <width>960</width>
                                <colordiffuse>$VAR[Picked.Theme.Color]</colordiffuse>
                                <texture border="1">$VAR[Theme.Color]/list/bg_facade_focus.png</texture>
                            </control>
                            <control type="label">
                                <posx>TextMargin</posx>
                                <posy>56</posy>
                                <height>40</height>
                                <width>840</width>
                                <font>FacadeListMainFont</font>
                                <include>TextColor_MainColor</include>
                                <label>[B]$INFO[ListItem.Label2]: $INFO[ListItem.Label][/B]</label>
                            </control>
                            <control type="label">
                                <posx>TextMargin</posx>
                                <posy>110</posy>
                                <height>28</height>
                                <width>840</width>
                                <font>FacadeListSubFont</font>
                                <include>TextColor_MainColor</include>
                                <label>$INFO[ListItem.Property(Description)]</label>
                            </control>
                        </control>
                    </focusedlayout>
                </control>
                <control type="scrollbar" id="60">
                    <posx>926</posx>
                    <posy>318</posy>
                    <height>585</height>
                    <include>VerticalScroller</include>
                    <onleft>20</onleft>
                    <onright>21</onright>
                </control>
            </control>
            <!--ACTIVE MODES-->
            <control type="group">
                <posx>960</posx>
                <posy>0</posy>
                <control type="label">
                    <posx>0</posx>
                    <posy>270</posy>
                    <width>960</width>
                    <height>35</height>
                    <align>center</align>
                    <font>InfoTitleSubFont</font>
                    <include>TextColor_MainColor</include>
                    <label>$LOCALIZE[15051] - $INFO[Container(21).NumItems] $LOCALIZE[31025]</label>
                </control>
                <control type="list" id="21">
                    <posx>0</posx>
                    <posy>318</posy>
                    <width>960</width>
                    <height>585</height>
                    <onup>21</onup>
                    <ondown>9001</ondown>
                    <onleft>20</onleft>
                    <onright>61</onright>
                    <pagecontrol>61</pagecontrol>
                    <itemlayout width="960" height="78">
                        <control type="label">
                            <posx>TextMargin</posx>
                            <height>78</height>
                            <width>840</width>
                            <font>FacadeListMainFont</font>
                            <include>TextColor_AlternateColor</include>
                            <label>$INFO[ListItem.Property(Number)] - $INFO[ListItem.Label2]: $INFO[ListItem.Label]</label>
                        </control>
                    </itemlayout>
                    <focusedlayout width="960" height="195">
                        <control type="group">
                            <include>ButtonFocusAnimation</include>
                            <control type="image">
                                <visible>control.hasfocus(21)</visible>
                                <posx>0</posx>
                                <posy>0</posy>
                                <height>195</height>
                                <width>960</width>
                                <colordiffuse>$VAR[Picked.Theme.Color]</colordiffuse>
                                <texture border="1">$VAR[Theme.Color]/list/bg_facade_focus.png</texture>
                            </control>
                            <control type="label">
                                <posx>TextMargin</posx>
                                <posy>56</posy>
                                <height>40</height>
                                <width>840</width>
                                <font>FacadeListMainFont</font>
                                <include>TextColor_MainColor</include>
                                <label>[B]$INFO[ListItem.Property(Number)] - $INFO[ListItem.Label2]: $INFO[ListItem.Label][/B]</label>
                            </control>
                            <control type="label">
                                <posx>TextMargin</posx>
                                <posy>110</posy>
                                <height>28</height>
                                <width>840</width>
                                <font>FacadeListSubFont</font>
                                <include>TextColor_MainColor</include>
                                <label>$INFO[ListItem.Property(Description)]</label>
                            </control>
                        </control>
                    </focusedlayout>
                </control>
                <control type="scrollbar" id="61">
                    <posx>926</posx>
                    <posy>318</posy>
                    <height>585</height>
                    <include>VerticalScroller</include>
                    <onleft>21</onleft>
                    <onright>61</onright>
                </control>
            </control>
            <control type="grouplist" id="9001">
                <posx>TextMargin</posx>
                <posy>903</posy>
                <width>1800</width>
                <height>90</height>
                <itemgap>30</itemgap>
                <aligny>bottom</aligny>
                <align>center</align>
                <orientation>horizontal</orientation>
                <onup>20</onup>
                <ondown>9001</ondown>
                <onleft>9000</onleft>
                <onright>9001</onright>
                <control type="radiobutton" id="22">
                    <description>Default RadioButton</description>
                    <label>15064</label>
                    <include>ButtonFocusAnimation</include>
                </control>
                <control type="button" id="23">
                    <description>Apply changes button</description>
                    <label>14070</label>
                    <include>ButtonFocusAnimation</include>
                </control>
                <control type="button" id="24">
                    <description>Clear active modes button</description>
                    <label>15066</label>
                    <include>ButtonFocusAnimation</include>
                </control>
            </control>
        </control>
        <!-- SIDE MENU -->
        <control type="group">
            <animation effect="slide" tween="circle" easing="out" time="250" start="0,0" end="660,0" condition="[Control.HasFocus(9000)|Control.HasFocus(8999)|Control.HasFocus(9060)]">Conditional</animation>
            <include>LeftMenu</include>
            <!--TYPES-->
            <control type="label" id="7965">
                <posx>-660</posx>
                <posy>183</posy>
                <include>LeftMenuTitleLabel</include>
                <label>$LOCALIZE[564]</label>
            </control>
            <control type="list" id="9000">
                <posy>261</posy>
                <onup>9000</onup>
                <ondown>9001</ondown>
                <onleft>9000</onleft>
                <onright>20</onright>
                <include>LeftMenuButtonGroup</include>
                <itemlayout width="660" height="78">
                    <control type="label">
                        <posx>TextMargin</posx>
                        <height>78</height>
                        <width>540</width>
                        <font>FacadeListMainFont</font>
                        <include>TextColor_AlternateColor</include>
                        <label>$INFO[ListItem.Label]</label>
                    </control>
                </itemlayout>
                <focusedlayout width="660" height="78">
                    <control type="group">
                        <include>ButtonFocusAnimation</include>
                        <control type="image">
                            <posx>0</posx>
                            <posy>0</posy>
                            <height>78</height>
                            <width>660</width>
                            <colordiffuse>$VAR[Picked.Theme.Color]</colordiffuse>
                            <texture border="1">$VAR[Theme.Color]/list/bg_facade_focus.png</texture>
                        </control>
                        <control type="label">
                            <posx>TextMargin</posx>
                            <height>78</height>
                            <width>540</width>
                            <font>FacadeListMainFont</font>
                            <include>TextColor_MainColor</include>
                            <label>$INFO[ListItem.Label]</label>
                        </control>
                    </control>
                </focusedlayout>
            </control>
            <control type="textbox">
                <posx>-600</posx>
                <posy>700</posy>
                <width>540</width>
                <height>210</height>
                <font>InfoPlotFont</font>
                <include>TextColor_AlternateColor</include>
                <label>$INFO[Container(9000).ListItem.Label2]</label>
                <include>myautoscroll</include>
            </control>
        </control>
    </controls>
</window>
