<?xml version="1.0" encoding="utf-8"?>
<includes>
    <include name="Widget_Empty_Poster">
        <posx>30</posx>
        <posy>35</posy>
        <width>384</width>
        <height>544</height>
    </include>
    <include name="Widget_Empty_Square">
        <posx>30</posx>
        <posy>35</posy>
        <width>456</width>
        <height>456</height>
    </include>
    <include name="Widget_Empty_Episode">
        <posx>30</posx>
        <posy>35</posy>
        <width>585</width>
        <height>360</height>
    </include>
    <include name="Widget_Empty_Channel">
        <posx>30</posx>
        <posy>35</posy>
        <width>515</width>
        <height>405</height>
    </include>
    <include name="Widget_Empty_NoBorder_Poster">
        <posx>65</posx>
        <posy>70</posy>
        <width>314</width>
        <height>474</height>
    </include>
    <include name="Widget_Empty_NoBorder_Square">
        <posx>65</posx>
        <posy>70</posy>
        <width>386</width>
        <height>386</height>
    </include>
    <include name="Widget_Empty_NoBorder_Episode">
        <posx>65</posx>
        <posy>70</posy>
        <width>515</width>
        <height>290</height>
    </include>
    <include name="Widget_Empty_NoBorder_Channel">
        <posx>65</posx>
        <posy>70</posy>
        <width>445</width>
        <height>335</height>
    </include>
    <include name="PlexWidget">
        <control type="group">
            <include>OpenCloseVisible</include>
            <visible>$PARAM[visibility]</visible>
            <height>$PARAM[height]</height>
            <control type="label">
                <animation effect="fade" start="100" end="63" time="0" condition="!control.hasfocus($PARAM[id])">Conditional</animation>
                <posx>63</posx>
                <posy>10</posy>
                <height>50</height>
                <width>1920</width>
                <font>FacadeListSubFont</font>
                <include>TextColor_MainColor</include>
                <scroll>false</scroll>
                <label>$PARAM[title]</label>
            </control>
            <control type="list" id="$PARAM[id]">
                <onright condition="Skin.HasSetting(VerticalHome)">$PARAM[onright]</onright>
                <onup>$PARAM[onup]</onup>
                <ondown>$PARAM[ondown]</ondown>
                <onleft condition="Skin.HasSetting(VerticalHome)">300</onleft>
                <include content="Widget_$PARAM[gfxType]">
                    <param name="id" value="$PARAM[id]"/>
                    <param name="labelTitle" value="$PARAM[labelTitle]"/>
                    <param name="labelSubTitle" value="$PARAM[labelSubTitle]"/>
                </include>
                <include>$PARAM[content]</include>
            </control>
            <control type="image">
                <visible>Container($PARAM[id]).IsUpdating</visible>
                <animation effect="rotate" center="auto" start="360" end="0" time="1500" loop="true" condition="true">Conditional</animation>
                <include>Widget_Empty_NoBorder_$PARAM[gfxType]</include>
                <aspectratio align="center" aligny="center">keep</aspectratio>
                <texture>$VAR[Theme.Color]/OSD/loading.png</texture>
            </control>
            <control type="image">
                <visible>!Integer.IsGreater(Container($PARAM[id]).NumItems,0)+!Container($PARAM[id]).IsUpdating</visible>
                <animation type="Conditional" reversible="false" condition="control.hasfocus($PARAM[id])">
                    <effect type="zoom" start="100,100" end="110,110" time="100" center="auto"/>
                    <effect type="zoom" start="100,100" end="95,95" time="50" delay="100" center="auto"/>
                </animation>
                <animation effect="fade" start="100" end="63" time="0" condition="!control.hasfocus($PARAM[id])">Conditional</animation>
                <include>Widget_Empty_NoBorder_$PARAM[gfxType]</include>
                <aspectratio align="center" aligny="center">keep</aspectratio>
                <texture>$VAR[Theme.Color]/defaultEmptyBig.png</texture>
                <fadetime>300</fadetime>
            </control>
            <control type="button" id="$PARAM[id]">
                <visible>Integer.IsEqual(Container($PARAM[id]).Numitems,0)</visible>
                <include>ThumbFocusAnimation</include>
                <onright condition="Skin.HasSetting(VerticalHome)">$PARAM[onright]</onright>
                <onup>$PARAM[onup]</onup>
                <ondown>$PARAM[ondown]</ondown>
                <onleft condition="Skin.HasSetting(VerticalHome)">300</onleft>
                <include>Widget_Empty_$PARAM[gfxType]</include>
                <include>Empty_TextureFocus</include>
                <include>Empty_TextureNoFocus</include>
                <onclick>noop</onclick>
            </control>
        </control>
    </include>
    <include name="Widget_Poster">
        <posx>0</posx>
        <posy>35</posy>
        <width>1920</width>
        <height>544</height>
        <orientation>horizontal</orientation>
        <preloaditems>4</preloaditems>
        <itemlayout height="544" width="364">
            <control type="image">
                <posx>30</posx>
                <posy>0</posy>
                <width>384</width>
                <height>544</height>
                <texture background="true" fallback="special://skin/backgrounds/default/default.jpg">$VAR[Thumbs]</texture>
                <aspectratio>scale</aspectratio>
                <include>ThumbBorder</include>
            </control>
        </itemlayout>
        <focusedlayout height="544" width="364">
            <control type="group">
                <include>ThumbFocusAnimation</include>
                <control type="image">
                    <posx>30</posx>
                    <posy>0</posy>
                    <width>384</width>
                    <height>544</height>
                    <texture background="true" fallback="special://skin/backgrounds/default/default.jpg">$VAR[Thumbs]</texture>
                    <aspectratio>scale</aspectratio>
                    <include>ThumbBorder</include>
                </control>
                <control type="group">
                    <visible>control.hasfocus($PARAM[id])</visible>
                    <control type="image">
                        <posx>65</posx>
                        <posy>339</posy>
                        <width>314</width>
                        <height>170</height>
                        <colordiffuse>$VAR[Picked.Theme.Color]</colordiffuse>
                        <texture border="2">$VAR[Theme.Color]/common/widget_gradient.png</texture>
                    </control>
                    <control type="label">
                        <posx>85</posx>
                        <posy>413</posy>
                        <width>274</width>
                        <align>center</align>
                        <font>WidgetTitleFont</font>
                        <scroll>true</scroll>
                        <include>TextColor_MainColor</include>
                        <label>$PARAM[labelTitle]</label>
                    </control>
                    <control type="image">
                        <description>Default Seperator</description>
                        <posx>65</posx>
                        <posy>465</posy>
                        <width>314</width>
                        <height>1</height>
                        <texture border="1,0,1,0">$VAR[Theme.Color]/common/widget_separator.png</texture>
                    </control>
                    <include content="ProgressBar">
                        <param name="id" value="0"/>
                        <param name="visible" value="Integer.IsGreater(ListItem.PercentPlayed,0)"/>
                        <param name="x" value="85"/>
                        <param name="y" value="464"/>
                        <param name="width" value="274"/>
                        <param name="height" value="2"/>
                        <param name="texturebg" value="OSD/osd_progress_mini_empty.png"/>
                        <param name="gfx" value="OSD/osd_progress_mini_mid.png"/>
                        <param name="border" value="0,0,0,0"/>
                        <param name="borderbg" value="0,0,0,0"/>
                        <param name="info" value="ListItem.PercentPlayed"/>
                    </include>
                    <include content="ProgressBar">
                        <param name="id" value="0"/>
                        <param name="visible" value="Integer.IsGreater(ListItem.Progress,0)"/>
                        <param name="x" value="85"/>
                        <param name="y" value="464"/>
                        <param name="width" value="274"/>
                        <param name="height" value="2"/>
                        <param name="texturebg" value="OSD/osd_progress_mini_empty.png"/>
                        <param name="gfx" value="OSD/osd_progress_mini_mid.png"/>
                        <param name="border" value="0,0,0,0"/>
                        <param name="borderbg" value="0,0,0,0"/>
                        <param name="info" value="ListItem.Progress"/>
                    </include>
                    <include content="ProgressBar">
                        <param name="id" value="0"/>
                        <param name="visible" value="Integer.IsGreater(ListItem.Property(Progress),0)"/>
                        <param name="x" value="85"/>
                        <param name="y" value="464"/>
                        <param name="width" value="274"/>
                        <param name="height" value="2"/>
                        <param name="texturebg" value="OSD/osd_progress_mini_empty.png"/>
                        <param name="gfx" value="OSD/osd_progress_mini_mid.png"/>
                        <param name="border" value="0,0,0,0"/>
                        <param name="borderbg" value="0,0,0,0"/>
                        <param name="info" value="ListItem.Property(Progress)"/>
                    </include>
                    <control type="label">
                        <posx>85</posx>
                        <posy>457</posy>
                        <width>274</width>
                        <align>center</align>
                        <font>WidgetFont</font>
                        <scroll>true</scroll>
                        <include>TextColor_MainColor</include>
                        <label>$PARAM[labelSubTitle]</label>
                    </control>
                    <control type="image">
                        <visible>control.hasfocus($PARAM[id])</visible>
                        <posx>65</posx>
                        <posy>35</posy>
                        <width>314</width>
                        <height>474</height>
                        <colordiffuse>$VAR[Picked.Theme.Color]</colordiffuse>
                        <texture border="10">$VAR[Theme.Color]/common/frame_focus.png</texture>
                    </control>
                </control>
            </control>
        </focusedlayout>
    </include>
    <include name="Widget_Square">
        <posx>0</posx>
        <posy>35</posy>
        <width>1920</width>
        <height>456</height>
        <orientation>horizontal</orientation>
        <preloaditems>4</preloaditems>
        <itemlayout height="456" width="436">
            <control type="image">
                <posx>30</posx>
                <posy>0</posy>
                <width>456</width>
                <height>456</height>
                <texture background="true" fallback="special://skin/backgrounds/default/default.jpg">$VAR[Thumbs]</texture>
                <aspectratio>scale</aspectratio>
                <include>ThumbBorder</include>
            </control>
        </itemlayout>
        <focusedlayout height="456" width="436">
            <control type="group">
                <include>ThumbFocusAnimation</include>
                <control type="image">
                    <posx>30</posx>
                    <posy>0</posy>
                    <width>456</width>
                    <height>456</height>
                    <texture background="true" fallback="special://skin/backgrounds/default/default.jpg">$VAR[Thumbs]</texture>
                    <aspectratio>scale</aspectratio>
                    <include>ThumbBorder</include>
                </control>
                <control type="group">
                    <visible>control.hasfocus($PARAM[id])</visible>
                    <control type="image">
                        <posx>65</posx>
                        <posy>251</posy>
                        <width>386</width>
                        <height>170</height>
                        <colordiffuse>$VAR[Picked.Theme.Color]</colordiffuse>
                        <texture border="2">$VAR[Theme.Color]/common/widget_gradient.png</texture>
                    </control>
                    <control type="label">
                        <posx>85</posx>
                        <posy>325</posy>
                        <width>346</width>
                        <align>center</align>
                        <font>WidgetTitleFont</font>
                        <scroll>true</scroll>
                        <include>TextColor_MainColor</include>
                        <label>$PARAM[labelTitle]</label>
                    </control>
                    <control type="image">
                        <description>Default Seperator</description>
                        <posx>65</posx>
                        <posy>377</posy>
                        <width>386</width>
                        <height>1</height>
                        <texture border="1,0,1,0">$VAR[Theme.Color]/common/widget_separator.png</texture>
                    </control>
                    <include content="ProgressBar">
                        <param name="id" value="0"/>
                        <param name="visible" value="Integer.IsGreater(ListItem.PercentPlayed,0)"/>
                        <param name="x" value="85"/>
                        <param name="y" value="376"/>
                        <param name="width" value="346"/>
                        <param name="height" value="2"/>
                        <param name="texturebg" value="OSD/osd_progress_mini_empty.png"/>
                        <param name="gfx" value="OSD/osd_progress_mini_mid.png"/>
                        <param name="border" value="0,0,0,0"/>
                        <param name="borderbg" value="0,0,0,0"/>
                        <param name="info" value="ListItem.PercentPlayed"/>
                    </include>
                    <include content="ProgressBar">
                        <param name="id" value="0"/>
                        <param name="visible" value="Integer.IsGreater(ListItem.Progress,0)"/>
                        <param name="x" value="85"/>
                        <param name="y" value="376"/>
                        <param name="width" value="346"/>
                        <param name="height" value="2"/>
                        <param name="texturebg" value="OSD/osd_progress_mini_empty.png"/>
                        <param name="gfx" value="OSD/osd_progress_mini_mid.png"/>
                        <param name="border" value="0,0,0,0"/>
                        <param name="borderbg" value="0,0,0,0"/>
                        <param name="info" value="ListItem.Progress"/>
                    </include>
                    <include content="ProgressBar">
                        <param name="id" value="0"/>
                        <param name="visible" value="Integer.IsGreater(ListItem.Property(Progress),0)"/>
                        <param name="x" value="85"/>
                        <param name="y" value="376"/>
                        <param name="width" value="346"/>
                        <param name="height" value="2"/>
                        <param name="texturebg" value="OSD/osd_progress_mini_empty.png"/>
                        <param name="gfx" value="OSD/osd_progress_mini_mid.png"/>
                        <param name="border" value="0,0,0,0"/>
                        <param name="borderbg" value="0,0,0,0"/>
                        <param name="info" value="ListItem.Property(Progress)"/>
                    </include>
                    <control type="label">
                        <posx>85</posx>
                        <posy>369</posy>
                        <width>346</width>
                        <align>center</align>
                        <font>WidgetFont</font>
                        <scroll>true</scroll>
                        <include>TextColor_MainColor</include>
                        <label>$PARAM[labelSubTitle]</label>
                    </control>
                    <control type="image">
                        <visible>control.hasfocus($PARAM[id])</visible>
                        <posx>65</posx>
                        <posy>35</posy>
                        <width>386</width>
                        <height>386</height>
                        <colordiffuse>$VAR[Picked.Theme.Color]</colordiffuse>
                        <texture border="10">$VAR[Theme.Color]/common/frame_focus.png</texture>
                    </control>
                </control>
            </control>
        </focusedlayout>
    </include>
    <include name="Widget_Episode">
        <posx>0</posx>
        <posy>35</posy>
        <width>1920</width>
        <height>360</height>
        <orientation>horizontal</orientation>
        <preloaditems>4</preloaditems>
        <itemlayout height="360" width="565">
            <control type="image">
                <posx>30</posx>
                <posy>0</posy>
                <width>585</width>
                <height>360</height>
                <texture background="true" fallback="special://skin/backgrounds/default/default.jpg">$VAR[Thumbs]</texture>
                <aspectratio>scale</aspectratio>
                <include>ThumbBorder</include>
            </control>
        </itemlayout>
        <focusedlayout height="360" width="565">
            <control type="group">
                <include>ThumbFocusAnimation</include>
                <control type="image">
                    <posx>30</posx>
                    <posy>0</posy>
                    <width>585</width>
                    <height>360</height>
                    <texture background="true" fallback="special://skin/backgrounds/default/default.jpg">$VAR[Thumbs]</texture>
                    <aspectratio>scale</aspectratio>
                    <include>ThumbBorder</include>
                </control>
                <control type="group">
                    <visible>control.hasfocus($PARAM[id])</visible>
                    <control type="image">
                        <posx>65</posx>
                        <posy>155</posy>
                        <width>515</width>
                        <height>170</height>
                        <colordiffuse>$VAR[Picked.Theme.Color]</colordiffuse>
                        <texture border="2">$VAR[Theme.Color]/common/widget_gradient.png</texture>
                    </control>
                    <control type="label">
                        <posx>85</posx>
                        <posy>229</posy>
                        <width>475</width>
                        <align>center</align>
                        <font>WidgetTitleFont</font>
                        <scroll>true</scroll>
                        <include>TextColor_MainColor</include>
                        <label>$PARAM[labelTitle]</label>
                    </control>
                    <control type="image">
                        <description>Default Seperator</description>
                        <posx>65</posx>
                        <posy>281</posy>
                        <width>515</width>
                        <height>1</height>
                        <texture border="1,0,1,0">$VAR[Theme.Color]/common/widget_separator.png</texture>
                    </control>
                    <include content="ProgressBar">
                        <param name="id" value="0"/>
                        <param name="visible" value="Integer.IsGreater(ListItem.PercentPlayed,0)"/>
                        <param name="x" value="85"/>
                        <param name="y" value="280"/>
                        <param name="width" value="475"/>
                        <param name="height" value="2"/>
                        <param name="texturebg" value="OSD/osd_progress_mini_empty.png"/>
                        <param name="gfx" value="OSD/osd_progress_mini_mid.png"/>
                        <param name="border" value="0,0,0,0"/>
                        <param name="borderbg" value="0,0,0,0"/>
                        <param name="info" value="ListItem.PercentPlayed"/>
                    </include>
                    <include content="ProgressBar">
                        <param name="id" value="0"/>
                        <param name="visible" value="Integer.IsGreater(ListItem.Progress,0)"/>
                        <param name="x" value="85"/>
                        <param name="y" value="280"/>
                        <param name="width" value="475"/>
                        <param name="height" value="2"/>
                        <param name="texturebg" value="OSD/osd_progress_mini_empty.png"/>
                        <param name="gfx" value="OSD/osd_progress_mini_mid.png"/>
                        <param name="border" value="0,0,0,0"/>
                        <param name="borderbg" value="0,0,0,0"/>
                        <param name="info" value="ListItem.Progress"/>
                    </include>
                    <include content="ProgressBar">
                        <param name="id" value="0"/>
                        <param name="visible" value="Integer.IsGreater(ListItem.Property(Progress),0)"/>
                        <param name="x" value="85"/>
                        <param name="y" value="280"/>
                        <param name="width" value="475"/>
                        <param name="height" value="2"/>
                        <param name="texturebg" value="OSD/osd_progress_mini_empty.png"/>
                        <param name="gfx" value="OSD/osd_progress_mini_mid.png"/>
                        <param name="border" value="0,0,0,0"/>
                        <param name="borderbg" value="0,0,0,0"/>
                        <param name="info" value="ListItem.Property(Progress)"/>
                    </include>
                    <control type="label">
                        <posx>85</posx>
                        <posy>273</posy>
                        <width>475</width>
                        <align>center</align>
                        <font>WidgetFont</font>
                        <scroll>true</scroll>
                        <include>TextColor_MainColor</include>
                        <label>$PARAM[labelSubTitle]</label>
                    </control>
                    <control type="image">
                        <visible>control.hasfocus($PARAM[id])</visible>
                        <posx>65</posx>
                        <posy>35</posy>
                        <width>515</width>
                        <height>290</height>
                        <colordiffuse>$VAR[Picked.Theme.Color]</colordiffuse>
                        <texture border="10">$VAR[Theme.Color]/common/frame_focus.png</texture>
                    </control>
                </control>
            </control>
        </focusedlayout>
    </include>
    <include name="Widget_Channel">
        <posx>0</posx>
        <posy>35</posy>
        <width>1920</width>
        <height>405</height>
        <orientation>horizontal</orientation>
        <preloaditems>4</preloaditems>
        <itemlayout height="405" width="495">
            <control type="image">
                <posx>30</posx>
                <posy>0</posy>
                <width>515</width>
                <height>405</height>
                <texture background="true" fallback="special://skin/backgrounds/default/default.jpg">$VAR[Thumbs]</texture>
                <aspectratio>scale</aspectratio>
                <include>ThumbBorder</include>
            </control>
        </itemlayout>
        <focusedlayout height="405" width="495">
            <control type="group">
                <include>ThumbFocusAnimation</include>
                <control type="image">
                    <posx>30</posx>
                    <posy>0</posy>
                    <width>515</width>
                    <height>405</height>
                    <texture background="true" fallback="special://skin/backgrounds/default/default.jpg">$VAR[Thumbs]</texture>
                    <aspectratio>scale</aspectratio>
                    <include>ThumbBorder</include>
                </control>
                <control type="group">
                    <visible>control.hasfocus($PARAM[id])</visible>
                    <control type="image">
                        <posx>65</posx>
                        <posy>200</posy>
                        <width>445</width>
                        <height>170</height>
                        <colordiffuse>$VAR[Picked.Theme.Color]</colordiffuse>
                        <texture border="2">$VAR[Theme.Color]/common/widget_gradient.png</texture>
                    </control>
                    <control type="label">
                        <posx>85</posx>
                        <posy>274</posy>
                        <width>405</width>
                        <align>center</align>
                        <font>WidgetTitleFont</font>
                        <scroll>true</scroll>
                        <include>TextColor_MainColor</include>
                        <label>$PARAM[labelTitle]</label>
                    </control>
                    <control type="image">
                        <description>Default Seperator</description>
                        <posx>65</posx>
                        <posy>326</posy>
                        <width>445</width>
                        <height>1</height>
                        <texture border="1,0,1,0">$VAR[Theme.Color]/common/widget_separator.png</texture>
                    </control>
                    <include content="ProgressBar">
                        <param name="id" value="0"/>
                        <param name="visible" value="Integer.IsGreater(ListItem.PercentPlayed,0)"/>
                        <param name="x" value="85"/>
                        <param name="y" value="325"/>
                        <param name="width" value="405"/>
                        <param name="height" value="2"/>
                        <param name="texturebg" value="OSD/osd_progress_mini_empty.png"/>
                        <param name="gfx" value="OSD/osd_progress_mini_mid.png"/>
                        <param name="border" value="0,0,0,0"/>
                        <param name="borderbg" value="0,0,0,0"/>
                        <param name="info" value="ListItem.PercentPlayed"/>
                    </include>
                    <include content="ProgressBar">
                        <param name="id" value="0"/>
                        <param name="visible" value="Integer.IsGreater(ListItem.Progress,0)"/>
                        <param name="x" value="85"/>
                        <param name="y" value="325"/>
                        <param name="width" value="405"/>
                        <param name="height" value="2"/>
                        <param name="texturebg" value="OSD/osd_progress_mini_empty.png"/>
                        <param name="gfx" value="OSD/osd_progress_mini_mid.png"/>
                        <param name="border" value="0,0,0,0"/>
                        <param name="borderbg" value="0,0,0,0"/>
                        <param name="info" value="ListItem.Progress"/>
                    </include>
                    <include content="ProgressBar">
                        <param name="id" value="0"/>
                        <param name="visible" value="Integer.IsGreater(ListItem.Property(Progress),0)"/>
                        <param name="x" value="85"/>
                        <param name="y" value="325"/>
                        <param name="width" value="405"/>
                        <param name="height" value="2"/>
                        <param name="texturebg" value="OSD/osd_progress_mini_empty.png"/>
                        <param name="gfx" value="OSD/osd_progress_mini_mid.png"/>
                        <param name="border" value="0,0,0,0"/>
                        <param name="borderbg" value="0,0,0,0"/>
                        <param name="info" value="ListItem.Property(Progress)"/>
                    </include>
                    <control type="label">
                        <posx>85</posx>
                        <posy>318</posy>
                        <width>405</width>
                        <align>center</align>
                        <font>WidgetFont</font>
                        <scroll>true</scroll>
                        <include>TextColor_MainColor</include>
                        <label>$PARAM[labelSubTitle]</label>
                    </control>
                    <control type="image">
                        <visible>control.hasfocus($PARAM[id])</visible>
                        <posx>65</posx>
                        <posy>35</posy>
                        <width>445</width>
                        <height>335</height>
                        <colordiffuse>$VAR[Picked.Theme.Color]</colordiffuse>
                        <texture border="10">$VAR[Theme.Color]/common/frame_focus.png</texture>
                    </control>
                </control>
            </control>
        </focusedlayout>
    </include>

    <include name="WidgetsCollection">

        <!-- -->
        <!--PLEX-->
        <!-- -->

        <!--PICTURES-->
        <include condition="!Skin.HasSetting(Hide.RecentlyAdded) + Skin.HasSetting(plexbmc)" content="PlexWidget">
            <param name="title" value="$LOCALIZE[31961]"/>
            <param name="ondown" value="901"/>
            <param name="onup" value="300"/>
            <param name="onright" value="901"/>
            <param name="height" value="511"/>
            <param name="gfxType" value="Square"/>
            <param name="content" value="PlexRecentPhotoContent"/>
            <param name="id" value="900"/>
            <param name="visibility" value="String.IsEqual(Container(300).ListItem.Property(type),photo)"/>
            <param name="labelTitle" value="$INFO[ListItem.Label]"/>
            <param name="labelSubTitle" value=""/>
        </include>
        <!--QUEUE-->
        <include condition="!Skin.HasSetting(Hide.RecentlyAdded) + Skin.HasSetting(plexbmc)" content="PlexWidget">
            <param name="title" value="$LOCALIZE[31961]"/>
            <param name="ondown" value="311"/>
            <param name="onup" value="900"/>
            <param name="onright" value="311"/>
            <param name="height" value="511"/>
            <param name="gfxType" value="Square"/>
            <param name="content" value="PlexQueueContent"/>
            <param name="id" value="901"/>
            <param name="visibility" value="String.IsEqual(Container(300).ListItem.Label,$LOCALIZE[31010])"/>
            <param name="labelTitle" value="$INFO[ListItem.Label]"/>
            <param name="labelSubTitle" value="-"/>
        </include>
        <!--MOVIES-->
        <include condition="!Skin.HasSetting(Hide.RecentlyAdded) + Skin.HasSetting(plexbmc)" content="PlexWidget">
            <param name="title" value="$LOCALIZE[31961]"/>
            <param name="height" value="599"/>
            <param name="ondown" value="312"/>
            <param name="onup" value="901"/>
            <param name="onright" value="312"/>
            <param name="gfxType" value="Poster"/>
            <param name="content" value="PlexRecentMovieContent"/>
            <param name="id" value="311"/>
            <param name="visibility" value="String.IsEqual(Container(300).ListItem.Property(type),movie)"/>
            <param name="labelTitle" value="$INFO[ListItem.Label]"/>
            <param name="labelSubTitle" value="$INFO[ListItem.Property(Rating),,     ]$INFO[ListItem.Property(Year),,     ]$INFO[ListItem.Property(Runtime),, $LOCALIZE[31297]]"/>
        </include>
        <include condition="!Skin.HasSetting(Hide.RecentlyAdded) + Skin.HasSetting(plexbmc)" content="PlexWidget">
            <param name="title" value="$LOCALIZE[31011]"/>
            <param name="height" value="599"/>
            <param name="ondown" value="511"/>
            <param name="onup" value="311"/>
            <param name="onright" value="511"/>
            <param name="gfxType" value="Poster"/>
            <param name="content" value="PlexOnDeckMovieContent"/>
            <param name="id" value="312"/>
            <param name="visibility" value="String.IsEqual(Container(300).ListItem.Property(type),movie)"/>
            <param name="labelTitle" value="$INFO[ListItem.Label]"/>
            <param name="labelSubTitle" value="$INFO[ListItem.Property(Rating),,     ]$INFO[ListItem.Property(Year),,     ]$INFO[ListItem.Property(Runtime),, $LOCALIZE[31297]]"/>
        </include>
        <!--ALBUMS-->
        <include condition="!Skin.HasSetting(Hide.RecentlyAdded) + Skin.HasSetting(plexbmc)" content="PlexWidget">
            <param name="title" value="$LOCALIZE[31961]"/>
            <param name="ondown" value="212"/>
            <param name="onup" value="312"/>
            <param name="onright" value="212"/>
            <param name="height" value="511"/>
            <param name="gfxType" value="Square"/>
            <param name="content" value="PlexRecentAlbumContent"/>
            <param name="id" value="511"/>
            <param name="visibility" value="String.IsEqual(Container(300).ListItem.Property(type),artist)"/>
            <param name="labelTitle" value="$INFO[ListItem.Label]"/>
            <param name="labelSubTitle" value="$INFO[ListItem.Label2]"/>
        </include>
        <!--CHANNELS-->
        <include condition="!Skin.HasSetting(Hide.RecentlyAdded) + Skin.HasSetting(plexbmc)" content="PlexWidget">
            <param name="title" value="$LOCALIZE[31961]"/>
            <param name="ondown" value="411"/>
            <param name="onup" value="511"/>
            <param name="onright" value="411"/>
            <param name="height" value="511"/>
            <param name="gfxType" value="Square"/>
            <param name="content" value="PlexRecentChannelContent"/>
            <param name="id" value="212"/>
            <param name="visibility" value="Container(300).HasFocus(50)"/>
            <param name="labelTitle" value="$INFO[ListItem.Label]"/>
            <param name="labelSubTitle" value="-"/>
        </include>
        <!--EPISODES-->
        <include condition="!Skin.HasSetting(Hide.RecentlyAdded) + Skin.HasSetting(plexbmc)" content="PlexWidget">
            <param name="title" value="$LOCALIZE[31961]"/>
            <param name="height" value="599"/>
            <param name="ondown" value="412"/>
            <param name="onup" value="212"/>
            <param name="onright" value="412"/>
            <param name="gfxType" value="Poster"/>
            <param name="content" value="PlexRecentEpisodeContent"/>
            <param name="id" value="411"/>
            <param name="visibility" value="String.IsEqual(Container(300).ListItem.Property(type),show)"/>
            <param name="labelTitle" value="$INFO[ListItem.Property(TVshowTitle)]"/>
            <param name="labelSubTitle" value="$INFO[ListItem.Property(SeasonEpisode)]$INFO[ListItem.Property(Rating),     ]$INFO[ListItem.Property(Runtime),     , $LOCALIZE[31297]]"/>
        </include>
        <include condition="!Skin.HasSetting(Hide.RecentlyAdded) + Skin.HasSetting(plexbmc)" content="PlexWidget">
            <param name="title" value="$LOCALIZE[31011]"/>
            <param name="height" value="599"/>
            <param name="ondown" value="413"/>
            <param name="onup" value="411"/>
            <param name="onright" value="413"/>
            <param name="gfxType" value="Poster"/>
            <param name="content" value="PlexOnDeckEpisodeContent"/>
            <param name="id" value="412"/>
            <param name="visibility" value="String.IsEqual(Container(300).ListItem.Property(type),show)"/>
            <param name="labelTitle" value="$INFO[ListItem.Property(TVshowTitle)]"/>
            <param name="labelSubTitle" value="$INFO[ListItem.Property(SeasonEpisode)]$INFO[ListItem.Property(Rating),     ]$INFO[ListItem.Property(Runtime),     , $LOCALIZE[31297]]"/>
        </include>
        <include condition="!Skin.HasSetting(Hide.RecentlyAdded) + Skin.HasSetting(plexbmc)" content="PlexWidget">
            <param name="title" value="$LOCALIZE[31932]"/>
            <param name="height" value="599"/>
            <param name="ondown" value="700011"/>
            <param name="onup" value="412"/>
            <param name="onright" value="700011"/>
            <param name="gfxType" value="Poster"/>
            <param name="content" value="PlexRecentlyViewedShowContent"/>
            <param name="id" value="413"/>
            <param name="visibility" value="String.IsEqual(Container(300).ListItem.Property(type),show)"/>
            <param name="labelTitle" value="$INFO[ListItem.Label]"/>
            <param name="labelSubTitle" value="$INFO[ListItem.Property(Rating),,     ]$INFO[ListItem.Property(Year),,     ]$INFO[ListItem.Property(Runtime),, $LOCALIZE[31297]]"/>
        </include>

        <!-- -->
        <!--CUSTOM WIDGETS-->
        <!-- -->

        <include condition="!Skin.HasSetting(Hide.RecentlyAdded)">skinshortcuts-template-widget</include>
        <include condition="!Skin.HasSetting(Hide.RecentlyAdded)">skinshortcuts-template-widget.1</include>
        <include condition="!Skin.HasSetting(Hide.RecentlyAdded)">skinshortcuts-template-widget.2</include>
        <include condition="!Skin.HasSetting(Hide.RecentlyAdded)">skinshortcuts-template-widget.3</include>
        <include condition="!Skin.HasSetting(Hide.RecentlyAdded)">skinshortcuts-template-widget.4</include>
    </include>
</includes>
