<?xml version="1.0" encoding="utf-8"?>
<window>
<defaultcontrol always="true">50</defaultcontrol>
    <onload condition="Skin.HasSetting(StopPlaybackOnMenu)">PlayerControl(stop)</onload>
    <menucontrol>9000</menucontrol>
    <views>50</views>
    <controls>
        <include condition="!Skin.HasSetting(DisableFanart)">Fanart_Art</include>
        <include>Player_Show</include>
        <include>OverlayFull</include>
        <include>InfoBackground</include>
        <control type="group">
            <animation effect="slide" tween="circle" easing="out" time="250" start="0,0" end="660,0" condition="[ControlGroup(9000).HasFocus()|Control.HasFocus(8999)|Control.HasFocus(9060)]">conditional</animation>
            <animation effect="slide" tween="circle" easing="out" time="250" start="0,0" end="-2090,0" condition="Control.HasFocus(505050)">conditional</animation>
           <include>OpenClose</include>
					<control type="list" id="11">
						<top>138</top>
						<left>475</left>
						<onleft>noop</onleft>
						<onright>noop</onright>
						<onup>50</onup>
						<ondown>50</ondown>
						<orientation>horizontal</orientation>
						<scrolltime>200</scrolltime>
						<itemlayout height="44" width="250">
						<control type="image">
								<left>2</left>
								<top>0</top>
								<width>260</width>
								<height>44</height>
								<texture>$VAR[Theme.Color]/buttons/bg_button_text_nofocus_with_borders.png</texture>
						</control>
							<control type="label">
								<left>2</left>
								<width>250</width>
								<height>44</height>
								<align>center</align>
								<aligny>center</aligny>
								<label>$INFO[ListItem.Label]</label>
								<textcolor>grey</textcolor>
							</control>
						</itemlayout>
						<focusedlayout height="44" width="250">
							<control type="image">
								<left>2</left>
								<width>250</width>
								<height>44</height>
								<texture>$VAR[Theme.Color]/list/bg_facade_focus.png</texture>
								<visible>Control.HasFocus(11)</visible>
							</control>
							<control type="image">
								<left>1</left>
								<width>260</width>
								<texture border="8">$VAR[Theme.Color]/list/bg_facade_focus.png</texture>
							</control>
							<control type="label">
								<top>-8</top>
								<left>2</left>
								<width>250</width>
								<align>center</align>
								<aligny>center</aligny>
								<scroll>true</scroll>
								<label>$INFO[ListItem.Label]</label>
							</control>
						</focusedlayout>
						</control>
            <control type="group">
			
                <!--EPG-->
                <control type="group">
                    <visible>Control.IsVisible(50)</visible>
                    <include>Icon_Fade</include>
                    <control type="image">
                        <posx>0</posx>
                        <posy>142</posy>
                        <width>1920</width>
                        <height>550</height>
                        <texture border="100">$VAR[Theme.Color]/common/bg_list.png</texture>
                    </control>
                    <control type="image">
                        <posx>0</posx>
                        <posy>142</posy>
                        <width>1920</width>
                        <height>160</height>
                        <texture border="100">$VAR[Theme.Color]/common/bg_list.png</texture>
                    </control>
                    <control type="epggrid" id="50">
                        <viewtype label="19297">list</viewtype>
                        <posx>TextMargin</posx>
                        <posy>183</posy>
                        <width>1860</width>
                        <height>468</height>
                        <pagecontrol>60</pagecontrol>
                        <timeblocks>20</timeblocks>
                        <rulerunit>6</rulerunit>
                        <onleft>9000</onleft>
                        <onright>60</onright>
                        <onup>11</onup>
                        <ondown>50</ondown>
                        <orientation>vertical</orientation>
                        <include>ProgressTexture</include>
                        <rulerlayout height="78" width="60">
                            <control type="image" id="1">
                                <width>50</width>
                                <height>78</height>
                                <posx>0</posx>
                                <posy>0</posy>
                            </control>
                            <control type="label" id="2">
                                <posx>0</posx>
                                <posy>0</posy>
                                <width>58</width>
                                <height>78</height>
                                <aligny>center</aligny>
                                <align>left</align>
                                <font>TvGuideHeaderFont</font>
                                <label>$INFO[ListItem.Label]</label>
                            </control>
                        </rulerlayout>
                        <channellayout height="78" width="420">
                            <control type="image">
                                <include>ConditionWhite</include>
                                <posx>0</posx>
                                <posy>0</posy>
                                <width>78</width>
                                <height>78</height>
                                <colordiffuse>NoFocusedColor</colordiffuse>
                                <texture background="true" fallback="white/defaultChannelTvBig.png">$INFO[ListItem.Icon]</texture>
                                <aspectratio align="left">keep</aspectratio>
                            </control>
                            <control type="image">
                                <include>ConditionBlack</include>
                                <posx>0</posx>
                                <posy>0</posy>
                                <width>78</width>
                                <height>78</height>
                                <colordiffuse>NoFocusedColor</colordiffuse>
                                <texture background="true" fallback="black/defaultChannelTvBig.png">$INFO[ListItem.Icon]</texture>
                                <aspectratio align="left">keep</aspectratio>
                            </control>
                            <control type="label" id="1">
                                <posx>100</posx>
                                <width>290</width>
                                <height>78</height>
                                <font>TvGuideChannelFont</font>
                                <include>TextColor_AlternateColor</include>
                                <label>$INFO[ListItem.ChannelName]</label>
                                <scroll>false</scroll>
                            </control>
                        </channellayout>
                        <focusedchannellayout height="78" width="420">
                            <control type="group">
                                <include>ButtonFocusAnimation</include>
                                <control type="image" id="1">
                                    <posx>0</posx>
                                    <posy>0</posy>
                                    <width>62</width>
                                    <height>78</height>
                                    <colordiffuse>$VAR[Picked.Theme.Color]</colordiffuse>
                                    <texture border="0">$VAR[Theme.Color]/list/bg_facade_focus.png</texture>
                                </control>
                                <control type="image">
                                    <include>ConditionWhite</include>
                                    <posx>0</posx>
                                    <posy>0</posy>
                                    <width>62</width>
                                    <height>78</height>
                                    <texture background="true" fallback="white/defaultChannelTvBig.png">$INFO[ListItem.Icon]</texture>
                                    <aspectratio align="left">keep</aspectratio>
                                </control>
                                <control type="image">
                                    <include>ConditionBlack</include>
                                    <posx>0</posx>
                                    <posy>0</posy>
                                    <width>62</width>
                                    <height>78</height>
                                    <texture background="true" fallback="black/defaultChannelTvBig.png">$INFO[ListItem.Icon]</texture>
                                    <aspectratio align="left">keep</aspectratio>
                                </control>
                                <control type="label" id="1">
                                    <posx>100</posx>
                                    <width>290</width>
                                    <height>78</height>
                                    <font>TvGuideChannelFont</font>
                                    <include>TextColor_MainColor</include>
                                    <aligny>center</aligny>
                                    <align>left</align>
                                    <label>$INFO[ListItem.ChannelName]</label>
                                </control>
                            </control>
                        </focusedchannellayout>
                        <itemlayout height="78" width="60">
                            <control type="image" id="2">
                                <posx>0</posx>
                                <posy>0</posy>
                                <width>62</width>
                                <height>79</height>
                               	<texture>$VAR[Theme.Color]/buttons/bg_button_text_nofocus_with_borders.png</texture>
                        </control>
                            <control type="image">
                                <animation effect="fade" start="100" end="50" time="0" condition="true">Conditional</animation>
                                <posx>0</posx>
                                <posy>0</posy>
                                <width>30</width>
                                <height>78</height>
                                <aspectratio>keep</aspectratio>
                                <texture>$VAR[PVRTimerIcon]</texture>
                            </control>
                            <control type="label" id="1">
                                <animation effect="slide" start="0,0" end="-40,0" time="25" condition="![ListItem.IsRecording|ListItem.HasTimerSchedule|ListItem.HasTimer|ListItem.HasRecording]">Conditional</animation>
                                <posx>55</posx>
                                <posy>0</posy>
                                <width>30</width>
                                <height>78</height>
                                <font>TvGuideItemFont</font>
                                <scroll>false</scroll>
                                <include>TextColor_AlternateColor</include>
                                <info>ListItem.Label</info>
                            </control>
                        </itemlayout>
                        <focusedlayout height="78" width="50">
                            <control type="image" id="2">
                                <include>ButtonWideFocusAnimation</include>
                                <posx>0</posx>
                                <posy>0</posy>
                                <width>30</width>
                                <height>78</height>
                                <bordersize>0</bordersize>
                                <colordiffuse>$VAR[Picked.Theme.Color]</colordiffuse>
                                <texture border="3">$VAR[PVROverlayFocus]</texture>
                            </control>
                            <control type="image">
                                <include>ButtonWideFocusAnimation</include>
                                <posx>0</posx>
                                <posy>0</posy>
                                <width>30</width>
                                <height>78</height>
                                <aspectratio>keep</aspectratio>
                                <texture>$VAR[PVRTimerIcon]</texture>
                            </control>
                           <control type="label" id="1">
                                <animation effect="slide" start="0,0" end="-40,0" time="25" condition="![ListItem.IsRecording|ListItem.HasTimerSchedule|ListItem.HasTimer|ListItem.HasRecording]">Conditional</animation>
                                <include>ButtonWideFocusAnimation</include>
                                <posx>50</posx>
                                <posy>0</posy>
                                <width>35</width>
                                <height>78</height>
                                <font>TvGuideItemFont</font>
                                <include>TextColor_MainColor</include>
                                <info>ListItem.Label</info>
                            </control>
                        </focusedlayout>
                    </control>
                    <control type="scrollbar" id="60">
                        <posx>1886</posx>
                        <posy>261</posy>
                        <height>390</height>
                        <include>VerticalScroller</include>
                        <onleft>50</onleft>
                        <onright>60</onright>
                    </control>
                    <!-- INFO -->
                    <control type="image">
                        <posx>0</posx>
                        <posy>647</posy>
                        <width>1920</width>
                        <height>628</height>
                        <texture border="100">$VAR[Theme.Color]/common/bg_list.png</texture>
                    </control>
                    <control type="image">
                        <include>ConditionWhite</include>
                        <posx>10</posx>
                        <posy>680</posy>
                        <width>505</width>
                        <height>475</height>
                        <aspectratio>keep</aspectratio>
                        <texture background="true" fallback="white/defaultChannelTvBig.png">$INFO[ListItem.Icon]</texture>
                        <include>ThumbBorder</include>
                    </control>
                    <control type="image">
                        <include>ConditionBlack</include>
                        <posx>10</posx>
                        <posy>680</posy>
                        <width>505</width>
                        <height>475</height>
                        <aspectratio>keep</aspectratio>
                        <texture background="true" fallback="black/defaultChannelTvBig.png">$INFO[ListItem.Icon]</texture>
                        <include>ThumbBorder</include>
                    </control>
                    <control type="group">
                        <posx>0</posx>
                        <posy>685</posy>
                        <control type="label">
                            <posx>500</posx>
                            <posy>25</posy>
                            <width>1250</width>
                            <aligny>top</aligny>
                            <font>InfoTitleFont</font>
                            <include>TextColor_MainColor</include>
                            <scroll>false</scroll>
                            <label>$INFO[ListItem.Label] ($INFO[ListItem.StartTime]$INFO[ListItem.EndTime, - ,]) </label>
                        </control>
                        <control type="image">
                            <description>Default Seperator</description>
                            <posx>405</posx>
                            <posy>96</posy>
                            <width>1470</width>
                            <height>1</height>
                            <texture border="150,0,150,0">$VAR[Theme.Color]/list/bg_facade_separator.png</texture>
                        </control>
                         <control type="textbox">
                            <posx>510</posx>
                            <posy>125</posy>
                            <width>1200</width>
                            <height>208</height>
                            <font>InfoPlotFont</font>
                            <include>TextColor_MainColor</include>
                            <label>$VAR[Plots]</label>
                            <include>myautoscroll</include>
                        </control>
                    </control>
                </control>
            </control>
        </control>
	
        <control type="label">
            <include>OpenClose</include>
            <include>WindowTitleSub</include>
            <label>$INFO[Container.NumItems, , $LOCALIZE[31025]]$INFO[Container.CurrentPage,  -  ]$INFO[Container.NumPages,/]</label>
        </control>
        <control type="label">
            <include>OpenClose</include>
            <include>WindowTitle</include>
            <label>$LOCALIZE[19069]</label>
        </control>
        <include>FooterInfo</include>
        <include>Time</include>
        <!-- SIDE MENU -->
        <include>PVRLeftMenu</include>
    </controls>
</window>
