<?xml version="1.0" encoding="utf-8"?>
<shortcuts>
    <shortcut>
        <defaultID>13009</defaultID>
        <label>13009</label>
        <label2>XBMC Command</label2>
        <icon>DefaultShortcut.png</icon>
        <thumb/>
        <action>Quit</action>
    </shortcut>
    <shortcut>
        <defaultID>13014</defaultID>
        <label>13014</label>
        <label2>XBMC Command</label2>
        <icon>DefaultShortcut.png</icon>
        <thumb/>
        <action>Minimize</action>
    </shortcut>
    <shortcut>
        <defaultID>13013</defaultID>
        <label>13013</label>
        <label2>XBMC Command</label2>
        <icon>DefaultShortcut.png</icon>
        <thumb/>
        <action>Reboot</action>
    </shortcut>
    <shortcut>
        <defaultID>13005</defaultID>
        <label>13005</label>
        <label2>XBMC Command</label2>
        <icon>DefaultShortcut.png</icon>
        <thumb/>
        <action>ShutDown</action>
    </shortcut>
    <shortcut>
        <defaultID>13010</defaultID>
        <label>13010</label>
        <label2>XBMC Command</label2>
        <icon>DefaultShortcut.png</icon>
        <thumb/>
        <action>Hibernate</action>
    </shortcut>
    <shortcut>
        <defaultID>13011</defaultID>
        <label>13011</label>
        <label2>XBMC Command</label2>
        <icon>DefaultShortcut.png</icon>
        <thumb/>
        <action>Suspend</action>
    </shortcut>
    <shortcut>
        <defaultID>13016</defaultID>
        <label>13016</label>
        <label2>XBMC Command</label2>
        <icon>DefaultShortcut.png</icon>
        <thumb/>
        <action>PowerDown</action>
    </shortcut>
</shortcuts>
