<?xml version="1.0" encoding="utf-8"?>
<window>
    <defaultcontrol always="false">100</defaultcontrol>
    <onload condition="!VideoPlayer.Content(LiveTV)">SetFocus(202)</onload>
    <zorder>5</zorder>
    <controls>
        <control type="group">
            <visible>![
                Window.IsVisible(DialogPlayerProcessInfo.xml) |
                Window.IsVisible(DialogSelect.xml) |
                Window.IsVisible(SliderDialog) |
                Window.IsVisible(OSDVideoSettings) |
                Window.IsVisible(OSDAudioSettings) |
                Window.IsVisible(OSDAudioDSPSettings) |
                Window.IsVisible(osdsubtitlesettings) |
                Window.IsVisible(osdcmssettings) |
                Window.IsVisible(VideoBookmarks) |
                Window.IsVisible(DialogSubtitles.xml) |
                Window.IsVisible(DialogAddonSettings.xml) |
                Window.IsVisible(PVROSDChannels) |
                Window.IsVisible(pvrchannelguide)
                ]</visible>
            <visible>!window.IsVisible(DialogVolumeBar.xml)</visible>
            <include>TopBarOSDVisibleFadeEffect</include>
            <control type="image">
                <posx>-200</posx>
                <posy>143</posy>
                <width>2320</width>
                <height>143</height>
                <colordiffuse>$VAR[Picked.Theme.Color]</colordiffuse>
                <texture border="150,40,150,40">$VAR[Theme.Color]/common/bg_dialog.png</texture>
            </control>
            <control type="slider" id="87">
                <visible>Player.SeekEnabled</visible>
                <visible>!VideoPlayer.HasEpg</visible>
                <include>ConditionWhite</include>
                <posx>0</posx>
                <posy>13</posy>
                <width>1920</width>
                <height>33</height>
                <onup>87</onup>
                <ondown>100</ondown>
                <action>seek</action>
                <info>Player.Progress</info>
                <texturesliderbar>white/OSD/osd_progress_empty.png</texturesliderbar>
                <textureslidernib>white/buttons/SliderNibNF.png</textureslidernib>
                <textureslidernibfocus>white/buttons/SliderNibFO.png</textureslidernibfocus>
            </control>
            <control type="slider" id="87">
                <visible>Player.SeekEnabled</visible>
                <visible>!VideoPlayer.HasEpg</visible>
                <include>ConditionBlack</include>
                <posx>0</posx>
                <posy>13</posy>
                <width>1920</width>
                <height>33</height>
                <onup>87</onup>
                <ondown>100</ondown>
                <action>seek</action>
                <info>Player.Progress</info>
                <texturesliderbar>black/OSD/osd_progress_empty.png</texturesliderbar>
                <textureslidernib>black/buttons/SliderNibNF.png</textureslidernib>
                <textureslidernibfocus>black/buttons/SliderNibFO.png</textureslidernibfocus>
            </control>
            <control type="slider" id="87">
                <visible>Player.SeekEnabled</visible>
                <visible>VideoPlayer.HasEpg</visible>
                <include>ConditionWhite</include>
                <posx>0</posx>
                <posy>13</posy>
                <width>1920</width>
                <height>33</height>
                <onup>87</onup>
                <ondown>100</ondown>
                <info>PVR.EpgEventProgress</info>
                <texturesliderbar>white/OSD/osd_progress_empty.png</texturesliderbar>
                <textureslidernib>white/buttons/SliderNibNF.png</textureslidernib>
                <textureslidernibfocus>white/buttons/SliderNibFO.png</textureslidernibfocus>
            </control>
            <control type="slider" id="87">
                <visible>Player.SeekEnabled</visible>
                <visible>VideoPlayer.HasEpg</visible>
                <include>ConditionBlack</include>
                <posx>0</posx>
                <posy>13</posy>
                <width>1920</width>
                <height>33</height>
                <onup>87</onup>
                <ondown>100</ondown>
                <info>PVR.EpgEventProgress</info>
                <texturesliderbar>black/OSD/osd_progress_empty.png</texturesliderbar>
                <textureslidernib>black/buttons/SliderNibNF.png</textureslidernib>
                <textureslidernibfocus>black/buttons/SliderNibFO.png</textureslidernibfocus>
            </control>
            <control type="grouplist" id="100">
                <include>ConditionBlack</include>
                <posx>0</posx>
                <posy>68</posy>
                <width>1920</width>
                <onup>87</onup>
                <ondown>101</ondown>
                <orientation>horizontal</orientation>
                <itemgap>20</itemgap>
                <align>center</align>
                <!--***-->
                <control type="button" id="704">
                    <include>TopBarButton</include>
                    <texturefocus>black/topbar/topbar_back_focus.png</texturefocus>
                    <texturenofocus>black/topbar/topbar_back_nofocus.png</texturenofocus>
                    <onclick>Dialog.Close(VideoOSD,true)</onclick>
                    <onclick>fullscreen</onclick>
                </control>
                <control type="button" id="705">
                    <include>TopBarButton</include>
                    <texturefocus>black/topbar/topbar_home_focus.png</texturefocus>
                    <texturenofocus>black/topbar/topbar_home_nofocus.png</texturenofocus>
                    <onclick>Back</onclick>
                    <onclick>Dialog.Close(all,true)</onclick>
                    <onclick>ActivateWindow(Home)</onclick>
                </control>
                <control type="button" id="300">
                    <visible>VideoPlayer.Content(LiveTV)</visible>
                    <label>$LOCALIZE[210]</label>
                    <include>TopBarButton</include>
                    <texturefocus>black/topbar/topbar_channel_down_focus.png</texturefocus>
                    <texturenofocus>black/topbar/topbar_channel_down_nofocus.png</texturenofocus>
                    <onclick>PlayerControl(Previous)</onclick>
                </control>
                <control type="button" id="301">
                    <visible>VideoPlayer.Content(LiveTV)</visible>
                    <label>$LOCALIZE[209]</label>
                    <include>TopBarButton</include>
                    <texturefocus>black/topbar/topbar_channel_up_focus.png</texturefocus>
                    <texturenofocus>black/topbar/topbar_channel_up_nofocus.png</texturenofocus>
                    <onclick>PlayerControl(Next)</onclick>
                </control>
                <control type="button" id="200">
                    <visible>!VideoPlayer.Content(LiveTV)</visible>
                    <label>$LOCALIZE[210]</label>
                    <include>TopBarButton</include>
                    <texturefocus>black/topbar/topbar_skipback_focus.png</texturefocus>
                    <texturenofocus>black/topbar/topbar_skipback_nofocus.png</texturenofocus>
                    <onclick>PlayerControl(Previous)</onclick>
                </control>
                <control type="button" id="201">
                    <visible>Player.SeekEnabled</visible>
                    <!--<animation effect="fade" start="100" end="50" time="0" condition="!Player.SeekEnabled">Conditional</animation>-->
                    <label>$LOCALIZE[31354]</label>
                    <include>TopBarButton</include>
                    <texturefocus>black/topbar/topbar_rewind_focus.png</texturefocus>
                    <texturenofocus>black/topbar/topbar_rewind_nofocus.png</texturenofocus>
                    <onclick>PlayerControl(Rewind)</onclick>
                </control>
                <control type="togglebutton" id="202">
                    <visible>Player.PauseEnabled</visible>
                    <!--<animation effect="fade" start="100" end="50" time="0" condition="!Player.PauseEnabled">Conditional</animation>-->
                    <label>$LOCALIZE[31351]</label>
                    <altlabel>$LOCALIZE[208]</altlabel>
                    <include>TopBarButton</include>
                    <texturefocus>black/topbar/topbar_pause_focus.png</texturefocus>
                    <texturenofocus>black/topbar/topbar_pause_nofocus.png</texturenofocus>
                    <usealttexture>Player.Paused | Player.Forwarding | Player.Rewinding</usealttexture>
                    <alttexturefocus>black/topbar/topbar_play_focus.png</alttexturefocus>
                    <alttexturenofocus>black/topbar/topbar_play_nofocus.png</alttexturenofocus>
                    <onclick>PlayerControl(Play)</onclick>
                </control>
                <control type="button" id="203">
                    <label>$LOCALIZE[31352]</label>
                    <include>TopBarButton</include>
                    <texturefocus>black/topbar/topbar_stop_focus.png</texturefocus>
                    <texturenofocus>black/topbar/topbar_stop_nofocus.png</texturenofocus>
                    <onclick>PlayerControl(Stop)</onclick>
                </control>
                <control type="button" id="204">
                    <visible>Player.SeekEnabled</visible>
                    <!--<animation effect="fade" start="100" end="50" time="0" condition="!Player.SeekEnabled">Conditional</animation>-->
                    <label>$LOCALIZE[31353]</label>
                    <include>TopBarButton</include>
                    <texturefocus>black/topbar/topbar_fastforward_focus.png</texturefocus>
                    <texturenofocus>black/topbar/topbar_fastforward_nofocus.png</texturenofocus>
                    <onclick>PlayerControl(Forward)</onclick>
                </control>
                <control type="button" id="205">
                    <visible>!VideoPlayer.Content(LiveTV)</visible>
                    <label>$LOCALIZE[209]</label>
                    <include>TopBarButton</include>
                    <texturefocus>black/topbar/topbar_skipforward_focus.png</texturefocus>
                    <texturenofocus>black/topbar/topbar_skipforward_nofocus.png</texturenofocus>
                    <onclick>PlayerControl(Next)</onclick>
                </control>
                <control type="button" id="1616">
                    <visible>!Player.Muted</visible>
                    <include>TopBarButton</include>
                    <texturefocus>black/topbar/topbar_volume_mute_focus.png</texturefocus>
                    <texturenofocus>black/topbar/topbar_volume_mute_nofocus.png</texturenofocus>
                    <onclick>Mute</onclick>
                </control>
                <control type="button" id="16161">
                    <visible>Player.Muted</visible>
                    <include>TopBarButton</include>
                    <texturefocus colordiffuse="red">black/topbar/topbar_volume_mute_focus.png</texturefocus>
                    <texturenofocus colordiffuse="red">black/topbar/topbar_volume_mute_nofocus.png</texturenofocus>
                    <onclick>Mute</onclick>
                </control>
                <control type="button" id="1618">
                    <include>TopBarButton</include>
                    <texturefocus>black/topbar/topbar_volume_down_focus.png</texturefocus>
                    <texturenofocus>black/topbar/topbar_volume_down_nofocus.png</texturenofocus>
                    <onclick>VolumeDown</onclick>
                </control>
                <control type="button" id="1620">
                    <include>TopBarButton</include>
                    <texturefocus>black/topbar/topbar_volume_up_focus.png</texturefocus>
                    <texturenofocus>black/topbar/topbar_volume_up_nofocus.png</texturenofocus>
                    <onclick>VolumeUp</onclick>
                </control>
                <control type="button" id="1622">
                    <include>TopBarButton</include>
                    <texturefocus>black/topbar/topbar_smallscreen_focus.png</texturefocus>
                    <texturenofocus>black/topbar/topbar_smallscreen_nofocus.png</texturenofocus>
                    <onclick>Dialog.Close(VideoOSD,true)</onclick>
                    <onclick>fullscreen</onclick>
                </control>
                <control type="button" id="1624">
                    <include>TopBarButton</include>
                    <texturefocus>black/topbar/topbar_settings_focus.png</texturefocus>
                    <texturenofocus>black/topbar/topbar_settings_nofocus.png</texturenofocus>
                    <onclick>Dialog.Close(VideoOSD,true)</onclick>
                    <onclick>ActivateWindow(Settings,return)</onclick>
                </control>
                <control type="button" id="1626">
                    <include>TopBarButton</include>
                    <texturefocus>black/topbar/topbar_shutdown_focus.png</texturefocus>
                    <texturenofocus>black/topbar/topbar_shutdown_nofocus.png</texturenofocus>
                    <onclick>ActivateWindow(shutdownmenu)</onclick>
                </control>
            </control>
            <control type="grouplist" id="101">
                <include>ConditionBlack</include>
                <posx>0</posx>
                <posy>190</posy>
                <width>1920</width>
                <onup>100</onup>
                <ondown>100</ondown>
                <orientation>horizontal</orientation>
                <itemgap>20</itemgap>
                <align>center</align>
                <control type="button" id="3061">
                    <visible>VideoPlayer.Content(LiveTV)</visible>
                    <label>$LOCALIZE[19069]</label>
                    <include>TopBarButton</include>
                    <texturefocus>black/topbar/topbar_channel_focus.png</texturefocus>
                    <texturenofocus>black/topbar/topbar_channel_nofocus.png</texturenofocus>
                    <onclick>ActivateWindow(PVROSDChannels)</onclick>
                    <onclick>Dialog.Close(VideoOSD)</onclick>
                </control>
                <control type="button" id="307">
                    <visible>VideoPlayer.Content(LiveTV)</visible>
                    <label>$LOCALIZE[19069]$INFO[VideoPlayer.ChannelName, - ]</label>
                    <include>TopBarButton</include>
                    <texturefocus>black/topbar/topbar_epg_focus.png</texturefocus>
                    <texturenofocus>black/topbar/topbar_epg_nofocus.png</texturenofocus>
                    <onclick>ActivateWindow(pvrchannelguide)</onclick>
                    <onclick>Dialog.Close(VideoOSD)</onclick>
                </control>
                <control type="button" id="350">
                    <visible>VideoPlayer.Content(LiveTV)</visible>
                    <label>$LOCALIZE[23050]</label>
                    <include>TopBarButton</include>
                    <texturefocus>black/topbar/topbar_teletext_focus.png</texturefocus>
                    <texturenofocus>black/topbar/topbar_teletext_nofocus.png</texturenofocus>
                    <onclick>Dialog.Close(VideoOSD)</onclick>
                    <onclick>ActivateWindow(Teletext)</onclick>
                    <!--<onclick>ActivateWindow(Teletext)</onclick>-->
                </control>
                <control type="togglebutton" id="353">
                    <visible>VideoPlayer.Content(LiveTV)</visible>
                    <visible>PVR.CanRecordPlayingChannel</visible>
                    <!--<animation effect="fade" start="100" end="50" time="0" condition="!PVR.CanRecordPlayingChannel">Conditional</animation>-->
                    <label>$LOCALIZE[264]</label>
                    <altlabel>$LOCALIZE[265]</altlabel>
                    <include>TopBarButton</include>
                    <texturefocus>black/topbar/topbar_rec_focus.png</texturefocus>
                    <texturenofocus>black/topbar/topbar_rec_nofocus.png</texturenofocus>
                    <usealttexture>PVR.IsRecordingPlayingChannel</usealttexture>
                    <alttexturefocus>black/topbar/topbar_rec_on_focus.png</alttexturefocus>
                    <alttexturenofocus>black/topbar/topbar_rec_on_nofocus.png</alttexturenofocus>
                    <onclick>PVR.ToggleRecordPlayingChannel</onclick>
                </control>
                <control type="button" id="250">
                    <label>$LOCALIZE[31356]</label>
                    <include>TopBarButton</include>
                    <texturefocus>black/topbar/topbar_subtitles_focus.png</texturefocus>
                    <texturenofocus>black/topbar/topbar_subtitles_nofocus.png</texturenofocus>
                    <!--<ondown>400</ondown>-->
                    <!--<onclick>SetFocus(400)</onclick>-->
                    <onclick>ActivateWindow(osdsubtitlesettings)</onclick>
                </control>
                <control type="button" id="251">
                    <label>$LOCALIZE[13395]</label>
                    <include>TopBarButton</include>
                    <texturefocus>black/topbar/topbar_video_settings_focus.png</texturefocus>
                    <texturenofocus>black/topbar/topbar_video_settings_nofocus.png</texturenofocus>
                    <onclick>ActivateWindow(OSDVideoSettings)</onclick>
                </control>
                <control type="button" id="11105">
                    <label>$LOCALIZE[36560]</label>
                    <include>TopBarButton</include>
                    <texturefocus>black/topbar/topbar_cms_settings_focus.png</texturefocus>
                    <texturenofocus>black/topbar/topbar_cms_settings_nofocus.png</texturenofocus>
                    <onclick>ActivateWindow(osdcmssettings)</onclick>
                    <visible>System.HasCMS</visible>
                </control>
                <control type="button" id="252">
                    <label>$LOCALIZE[13396]</label>
                    <include>TopBarButton</include>
                    <texturefocus>black/topbar/topbar_speaker_focus.png</texturefocus>
                    <texturenofocus>black/topbar/topbar_speaker_nofocus.png</texturenofocus>
                    <onclick>ActivateWindow(OSDAudioSettings)</onclick>
                </control>
                <control type="button" id="253">
                    <visible>!VideoPlayer.Content(LiveTV)</visible>
                    <label>$LOCALIZE[298]</label>
                    <include>TopBarButton</include>
                    <texturefocus>black/topbar/topbar_bookmark2_focus.png</texturefocus>
                    <texturenofocus>black/topbar/topbar_bookmark2_nofocus.png</texturenofocus>
                    <onclick>ActivateWindow(VideoBookmarks)</onclick>
                </control>
                <control type="button" id="254">
                    <visible>!VideoPlayer.Content(LiveTV)</visible>
                    <visible>VideoPlayer.HasMenu</visible>
                    <!--<animation effect="fade" start="100" end="50" time="0" condition="!VideoPlayer.HasMenu">Conditional</animation>-->
                    <label>$LOCALIZE[31355]</label>
                    <include>TopBarButton</include>
                    <texturefocus>black/topbar/topbar_dvd_focus.png</texturefocus>
                    <texturenofocus>black/topbar/topbar_dvd_nofocus.png</texturenofocus>
                    <onclick>PlayerControl(ShowVideoMenu)</onclick>
                </control>
                <control type="button" id="255">
                    <visible>VideoPlayer.IsStereoscopic</visible>
                    <!--<animation effect="fade" start="100" end="50" time="0" condition="!VideoPlayer.IsStereoscopic">Conditional</animation>-->
                    <label>$LOCALIZE[36501]</label>
                    <include>TopBarButton</include>
                    <texturefocus>black/topbar/topbar_3d_focus.png</texturefocus>
                    <texturenofocus>black/topbar/topbar_3d_nofocus.png</texturenofocus>
                    <onclick>StereoMode</onclick>
                </control>
                <!--****-->
                <control type="button" id="706">
                    <visible>!VideoPlayer.Content(LiveTV)</visible>
                    <label>$LOCALIZE[559]</label>
                    <include>TopBarButton</include>
                    <texturefocus>black/topbar/topbar_bookmark_focus.png</texturefocus>
                    <texturenofocus>black/topbar/topbar_bookmark_nofocus.png</texturenofocus>
                    <onclick>Close</onclick>
                    <onclick>ActivateWindow(VideoPlaylist)</onclick>
                </control>
                <!--****-->
                <control type="button" id="707">
                    <label>$LOCALIZE[544]</label>
                    <include>TopBarButton</include>
                    <texturefocus>black/topbar/topbar_info_focus.png</texturefocus>
                    <texturenofocus>black/topbar/topbar_info_nofocus.png</texturenofocus>
                    <onclick>ActivateWindow(fullscreeninfo)</onclick>
                </control>
            </control>
            
            <control type="grouplist" id="100">
                <include>ConditionWhite</include>
                <posx>0</posx>
                <posy>68</posy>
                <width>1920</width>
                <onup>87</onup>
                <ondown>101</ondown>
                <orientation>horizontal</orientation>
                <itemgap>20</itemgap>
                <align>center</align>
                <!--***-->
                <control type="button" id="704">
                    <include>TopBarButton</include>
                    <texturefocus>white/topbar/topbar_back_focus.png</texturefocus>
                    <texturenofocus>white/topbar/topbar_back_nofocus.png</texturenofocus>
                    <onclick>Dialog.Close(VideoOSD,true)</onclick>
                    <onclick>fullscreen</onclick>
                </control>
                <control type="button" id="705">
                    <include>TopBarButton</include>
                    <texturefocus>white/topbar/topbar_home_focus.png</texturefocus>
                    <texturenofocus>white/topbar/topbar_home_nofocus.png</texturenofocus>
                    <onclick>Back</onclick>
                    <onclick>Dialog.Close(all,true)</onclick>
                    <onclick>ActivateWindow(Home)</onclick>
                </control>
                <control type="button" id="300">
                    <visible>VideoPlayer.Content(LiveTV)</visible>
                    <label>$LOCALIZE[210]</label>
                    <include>TopBarButton</include>
                    <texturefocus>white/topbar/topbar_channel_down_focus.png</texturefocus>
                    <texturenofocus>white/topbar/topbar_channel_down_nofocus.png</texturenofocus>
                    <onclick>PlayerControl(Previous)</onclick>
                </control>
                <control type="button" id="301">
                    <visible>VideoPlayer.Content(LiveTV)</visible>
                    <label>$LOCALIZE[209]</label>
                    <include>TopBarButton</include>
                    <texturefocus>white/topbar/topbar_channel_up_focus.png</texturefocus>
                    <texturenofocus>white/topbar/topbar_channel_up_nofocus.png</texturenofocus>
                    <onclick>PlayerControl(Next)</onclick>
                </control>
                <control type="button" id="200">
                    <visible>!VideoPlayer.Content(LiveTV)</visible>
                    <label>$LOCALIZE[210]</label>
                    <include>TopBarButton</include>
                    <texturefocus>white/topbar/topbar_skipback_focus.png</texturefocus>
                    <texturenofocus>white/topbar/topbar_skipback_nofocus.png</texturenofocus>
                    <onclick>PlayerControl(Previous)</onclick>
                </control>
                <control type="button" id="201">
                    <visible>Player.SeekEnabled</visible>
                    <!--<animation effect="fade" start="100" end="50" time="0" condition="!Player.SeekEnabled">Conditional</animation>-->
                    <label>$LOCALIZE[31354]</label>
                    <include>TopBarButton</include>
                    <texturefocus>white/topbar/topbar_rewind_focus.png</texturefocus>
                    <texturenofocus>white/topbar/topbar_rewind_nofocus.png</texturenofocus>
                    <onclick>PlayerControl(Rewind)</onclick>
                </control>
                <control type="togglebutton" id="202">
                    <visible>Player.PauseEnabled</visible>
                    <!--<animation effect="fade" start="100" end="50" time="0" condition="!Player.PauseEnabled">Conditional</animation>-->
                    <label>$LOCALIZE[31351]</label>
                    <altlabel>$LOCALIZE[208]</altlabel>
                    <include>TopBarButton</include>
                    <texturefocus>white/topbar/topbar_pause_focus.png</texturefocus>
                    <texturenofocus>white/topbar/topbar_pause_nofocus.png</texturenofocus>
                    <usealttexture>Player.Paused | Player.Forwarding | Player.Rewinding</usealttexture>
                    <alttexturefocus>white/topbar/topbar_play_focus.png</alttexturefocus>
                    <alttexturenofocus>white/topbar/topbar_play_nofocus.png</alttexturenofocus>
                    <onclick>PlayerControl(Play)</onclick>
                </control>
                <control type="button" id="203">
                    <label>$LOCALIZE[31352]</label>
                    <include>TopBarButton</include>
                    <texturefocus>white/topbar/topbar_stop_focus.png</texturefocus>
                    <texturenofocus>white/topbar/topbar_stop_nofocus.png</texturenofocus>
                    <onclick>PlayerControl(Stop)</onclick>
                </control>
                <control type="button" id="204">
                    <visible>Player.SeekEnabled</visible>
                    <!--<animation effect="fade" start="100" end="50" time="0" condition="!Player.SeekEnabled">Conditional</animation>-->
                    <label>$LOCALIZE[31353]</label>
                    <include>TopBarButton</include>
                    <texturefocus>white/topbar/topbar_fastforward_focus.png</texturefocus>
                    <texturenofocus>white/topbar/topbar_fastforward_nofocus.png</texturenofocus>
                    <onclick>PlayerControl(Forward)</onclick>
                </control>
                <control type="button" id="205">
                    <visible>!VideoPlayer.Content(LiveTV)</visible>
                    <label>$LOCALIZE[209]</label>
                    <include>TopBarButton</include>
                    <texturefocus>white/topbar/topbar_skipforward_focus.png</texturefocus>
                    <texturenofocus>white/topbar/topbar_skipforward_nofocus.png</texturenofocus>
                    <onclick>PlayerControl(Next)</onclick>
                </control>
				
				
				
                <control type="button" id="1616">
                    <visible>!Player.Muted</visible>
                    <include>TopBarButton</include>
                    <texturefocus>white/topbar/topbar_volume_mute_focus.png</texturefocus>
                    <texturenofocus>white/topbar/topbar_volume_mute_nofocus.png</texturenofocus>
                    <onclick>Mute</onclick>
                </control>
                <control type="button" id="16161">
                    <visible>Player.Muted</visible>
                    <include>TopBarButton</include>
                    <texturefocus colordiffuse="red">white/topbar/topbar_volume_mute_focus.png</texturefocus>
                    <texturenofocus colordiffuse="red">white/topbar/topbar_volume_mute_nofocus.png</texturenofocus>
                    <onclick>Mute</onclick>
                </control>
                <control type="button" id="1618">
                    <include>TopBarButton</include>
                    <texturefocus>white/topbar/topbar_volume_down_focus.png</texturefocus>
                    <texturenofocus>white/topbar/topbar_volume_down_nofocus.png</texturenofocus>
                    <onclick>VolumeDown</onclick>
                </control>
                <control type="button" id="1620">
                    <include>TopBarButton</include>
                    <texturefocus>white/topbar/topbar_volume_up_focus.png</texturefocus>
                    <texturenofocus>white/topbar/topbar_volume_up_nofocus.png</texturenofocus>
                    <onclick>VolumeUp</onclick>
                </control>
                <control type="button" id="1622">
                    <include>TopBarButton</include>
                    <texturefocus>white/topbar/topbar_smallscreen_focus.png</texturefocus>
                    <texturenofocus>white/topbar/topbar_smallscreen_nofocus.png</texturenofocus>
                    <onclick>Dialog.Close(VideoOSD,true)</onclick>
                    <onclick>fullscreen</onclick>
                </control>
                <control type="button" id="1624">
                    <include>TopBarButton</include>
                    <texturefocus>white/topbar/topbar_settings_focus.png</texturefocus>
                    <texturenofocus>white/topbar/topbar_settings_nofocus.png</texturenofocus>
                    <onclick>Dialog.Close(VideoOSD,true)</onclick>
                    <onclick>ActivateWindow(Settings,return)</onclick>
                </control>
                <control type="button" id="1626">
                    <include>TopBarButton</include>
                    <texturefocus>white/topbar/topbar_shutdown_focus.png</texturefocus>
                    <texturenofocus>white/topbar/topbar_shutdown_nofocus.png</texturenofocus>
                    <onclick>ActivateWindow(shutdownmenu)</onclick>
                </control>
            </control>
            <control type="grouplist" id="101">
                <include>ConditionWhite</include>
                <posx>0</posx>
                <posy>190</posy>
                <width>1920</width>
                <onup>100</onup>
                <ondown>100</ondown>
                <orientation>horizontal</orientation>
                <itemgap>20</itemgap>
                <align>center</align>
                <control type="button" id="3061">
                    <visible>VideoPlayer.Content(LiveTV)</visible>
                    <label>$LOCALIZE[19069]</label>
                    <include>TopBarButton</include>
                    <texturefocus>white/topbar/topbar_channel_focus.png</texturefocus>
                    <texturenofocus>white/topbar/topbar_channel_nofocus.png</texturenofocus>
                    <onclick>ActivateWindow(PVROSDChannels)</onclick>
                    <onclick>Dialog.Close(VideoOSD)</onclick>
                </control>
                <control type="button" id="307">
                    <visible>VideoPlayer.Content(LiveTV)</visible>
                    <label>$LOCALIZE[19069]$INFO[VideoPlayer.ChannelName, - ]</label>
                    <include>TopBarButton</include>
                    <texturefocus>white/topbar/topbar_epg_focus.png</texturefocus>
                    <texturenofocus>white/topbar/topbar_epg_nofocus.png</texturenofocus>
                    <onclick>ActivateWindow(pvrchannelguide)</onclick>
                    <onclick>Dialog.Close(VideoOSD)</onclick>
                </control>
                <control type="button" id="350">
                    <visible>VideoPlayer.Content(LiveTV)</visible>
                    <label>$LOCALIZE[23050]</label>
                    <include>TopBarButton</include>
                    <texturefocus>white/topbar/topbar_teletext_focus.png</texturefocus>
                    <texturenofocus>white/topbar/topbar_teletext_nofocus.png</texturenofocus>
                    <onclick>Dialog.Close(VideoOSD)</onclick>
                    <onclick>ActivateWindow(Teletext)</onclick>
                    <!--<onclick>ActivateWindow(Teletext)</onclick>-->
                </control>
                <control type="togglebutton" id="353">
                    <visible>VideoPlayer.Content(LiveTV)</visible>
                    <visible>PVR.CanRecordPlayingChannel</visible>
                    <!--<animation effect="fade" start="100" end="50" time="0" condition="!PVR.CanRecordPlayingChannel">Conditional</animation>-->
                    <label>$LOCALIZE[264]</label>
                    <altlabel>$LOCALIZE[265]</altlabel>
                    <include>TopBarButton</include>
                    <texturefocus>white/topbar/topbar_rec_focus.png</texturefocus>
                    <texturenofocus>white/topbar/topbar_rec_nofocus.png</texturenofocus>
                    <usealttexture>PVR.IsRecordingPlayingChannel</usealttexture>
                    <alttexturefocus>white/topbar/topbar_rec_on_focus.png</alttexturefocus>
                    <alttexturenofocus>white/topbar/topbar_rec_on_nofocus.png</alttexturenofocus>
                    <onclick>PVR.ToggleRecordPlayingChannel</onclick>
                </control>
                <control type="button" id="250">
                    <label>$LOCALIZE[31356]</label>
                    <include>TopBarButton</include>
                    <texturefocus>white/topbar/topbar_subtitles_focus.png</texturefocus>
                    <texturenofocus>white/topbar/topbar_subtitles_nofocus.png</texturenofocus>
                    <!--<ondown>400</ondown>-->
                    <!--<onclick>SetFocus(400)</onclick>-->
                    <onclick>ActivateWindow(osdsubtitlesettings)</onclick>
                </control>
                <control type="button" id="251">
                    <label>$LOCALIZE[13395]</label>
                    <include>TopBarButton</include>
                    <texturefocus>white/topbar/topbar_video_settings_focus.png</texturefocus>
                    <texturenofocus>white/topbar/topbar_video_settings_nofocus.png</texturenofocus>
                    <onclick>ActivateWindow(OSDVideoSettings)</onclick>
                </control>
                <control type="button" id="11105">
                    <label>$LOCALIZE[36560]</label>
                    <include>TopBarButton</include>
                    <texturefocus>white/topbar/topbar_cms_settings_focus.png</texturefocus>
                    <texturenofocus>white/topbar/topbar_cms_settings_nofocus.png</texturenofocus>
                    <onclick>ActivateWindow(osdcmssettings)</onclick>
                    <visible>System.HasCMS</visible>
                </control>
                <control type="button" id="252">
                    <label>$LOCALIZE[13396]</label>
                    <include>TopBarButton</include>
                    <texturefocus>white/topbar/topbar_speaker_focus.png</texturefocus>
                    <texturenofocus>white/topbar/topbar_speaker_nofocus.png</texturenofocus>
                    <onclick>ActivateWindow(OSDAudioSettings)</onclick>
                </control>
                <control type="button" id="253">
                    <visible>!VideoPlayer.Content(LiveTV)</visible>
                    <label>$LOCALIZE[298]</label>
                    <include>TopBarButton</include>
                    <texturefocus>white/topbar/topbar_bookmark2_focus.png</texturefocus>
                    <texturenofocus>white/topbar/topbar_bookmark2_nofocus.png</texturenofocus>
                    <onclick>ActivateWindow(VideoBookmarks)</onclick>
                </control>
                <control type="button" id="254">
                    <visible>!VideoPlayer.Content(LiveTV)</visible>
                    <visible>VideoPlayer.HasMenu</visible>
                    <!--<animation effect="fade" start="100" end="50" time="0" condition="!VideoPlayer.HasMenu">Conditional</animation>-->
                    <label>$LOCALIZE[31355]</label>
                    <include>TopBarButton</include>
                    <texturefocus>white/topbar/topbar_dvd_focus.png</texturefocus>
                    <texturenofocus>white/topbar/topbar_dvd_nofocus.png</texturenofocus>
                    <onclick>PlayerControl(ShowVideoMenu)</onclick>
                </control>
                <control type="button" id="255">
                    <visible>VideoPlayer.IsStereoscopic</visible>
                    <!--<animation effect="fade" start="100" end="50" time="0" condition="!VideoPlayer.IsStereoscopic">Conditional</animation>-->
                    <label>$LOCALIZE[36501]</label>
                    <include>TopBarButton</include>
                    <texturefocus>white/topbar/topbar_3d_focus.png</texturefocus>
                    <texturenofocus>white/topbar/topbar_3d_nofocus.png</texturenofocus>
                    <onclick>StereoMode</onclick>
                </control>
                <!--****-->
                <control type="button" id="706">
                    <visible>!VideoPlayer.Content(LiveTV)</visible>
                    <label>$LOCALIZE[559]</label>
                    <include>TopBarButton</include>
                    <texturefocus>white/topbar/topbar_bookmark_focus.png</texturefocus>
                    <texturenofocus>white/topbar/topbar_bookmark_nofocus.png</texturenofocus>
                    <onclick>Close</onclick>
                    <onclick>ActivateWindow(VideoPlaylist)</onclick>
                </control>
                <!--****-->
                <control type="button" id="707">
                    <label>$LOCALIZE[544]</label>
                    <include>TopBarButton</include>
                    <texturefocus>white/topbar/topbar_info_focus.png</texturefocus>
                    <texturenofocus>white/topbar/topbar_info_nofocus.png</texturenofocus>
                    <onclick>ActivateWindow(fullscreeninfo)</onclick>
                </control>
            </control>
            <control type="label">
                <posx>TextMargin</posx>
                <posy>190</posy>
                <width>350</width>
                <height>50</height>
                <align>left</align>
                <aligny>center</aligny>
                <font>OSDFont</font>
                <include>TextColor_AlternateColor</include>
                <label>$VAR[TopbarVideoOSDLabel]</label>
            </control>
			

            <!--<control type="button" id="410">-->
                <!--<visible>Control.HasFocus(410) | Control.HasFocus(250) | ControlGroup(400).HasFocus</visible>-->
                <!--<description>Fake button for mouse control</description>-->
                <!--<posx>0</posx>-->
                <!--<posy>215</posy>-->
                <!--<width>1920</width>-->
                <!--<height>150</height>-->
                <!--<include>HiddenButton</include>-->
            <!--</control>-->
            <!--<control type="group">-->
                <!--<visible>Control.HasFocus(410) | Control.HasFocus(250) | ControlGroup(400).HasFocus</visible>-->
                <!--<include>TopBarOSDVisibleFadeEffect</include>-->
                <!--<posy>100</posy>-->
                <!--<control type="image">-->
                    <!--<posx>-200</posx>-->
                    <!--<posy>143</posy>-->
                    <!--<width>2320</width>-->
                    <!--<height>234</height>-->
                    <!--<colordiffuse>$VAR[Picked.Theme.Color]</colordiffuse>-->
                    <!--<texture border="150,40,150,40">$VAR[Theme.Color]/common/bg_dialog.png</texture>-->
                <!--</control>-->
                <!--<control type="image">-->
                    <!--<posx>100</posx>-->
                    <!--<posy>135</posy>-->
                    <!--<width>1720</width>-->
                    <!--<height>160</height>-->
                    <!--<texture border="100">$VAR[Theme.Color]/common/bg_list.png</texture>-->
                <!--</control>-->
                <!--<control type="label">-->
                    <!--<posx>0</posx>-->
                    <!--<posy>176</posy>-->
                    <!--<align>center</align>-->
                    <!--<height>78</height>-->
                    <!--<width>1920</width>-->
                    <!--<label>287</label>-->
                    <!--<font>NotificationFontDouble</font>-->
                    <!--<include>TextColor_MainColor</include>-->
                <!--</control>-->
                <!--<control type="grouplist" id="400">-->
                    <!--<posx>0</posx>-->
                    <!--<posy>254</posy>-->
                    <!--<width>1920</width>-->
                    <!--<height>90</height>-->
                    <!--<itemgap>0</itemgap>-->
                    <!--<onleft>400</onleft>-->
                    <!--<onright>400</onright>-->
                    <!--<onup>250</onup>-->
                    <!--<ondown>250</ondown>-->
                    <!--<itemgap>0</itemgap>-->
                    <!--<aligny>bottom</aligny>-->
                    <!--<align>center</align>-->
                    <!--<orientation>horizontal</orientation>-->
                    <!--<control type="togglebutton" id="401">-->
                        <!--<include>ButtonFocusAnimation</include>-->
                        <!--<description>Download with Subtitles script</description>-->
                        <!--<align>center</align>-->
                        <!--<label>33003</label>-->
                        <!--<width>480</width>-->
                        <!--<onclick>Close</onclick>-->
                        <!--<onclick>Dialog.Close(VideoOSD)</onclick>-->
                        <!--<onclick>ActivateWindow(SubtitleSearch)</onclick>-->
                        <!--<enable>!VideoPlayer.Content(LiveTV)</enable>-->
                    <!--</control>-->
                    <!--<control type="button" id="402">-->
                        <!--<include>ButtonFocusAnimation</include>-->
                        <!--<visible>VideoPlayer.HasSubtitles + VideoPlayer.SubtitlesEnabled</visible>-->
                        <!--<label>22006</label>-->
                        <!--<width>480</width>-->
                        <!--<onclick>SubtitleDelay</onclick>-->
                    <!--</control>-->
                    <!--<control type="button" id="403">-->
                        <!--<include>ButtonFocusAnimation</include>-->
                        <!--<visible>VideoPlayer.HasSubtitles + VideoPlayer.SubtitlesEnabled</visible>-->
                        <!--<label>209</label>-->
                        <!--<width>430</width>-->
                        <!--<onclick>CycleSubtitle</onclick>-->
                    <!--</control>-->
                    <!--<control type="radiobutton" id="404">-->
                        <!--<include>ButtonFocusAnimation</include>-->
                        <!--<visible>VideoPlayer.HasSubtitles</visible>-->
                        <!--<align>center</align>-->
                        <!--<label>449</label>-->
                        <!--<width>530</width>-->
                        <!--<radioposx>416</radioposx>-->
                        <!--<textwidth>310</textwidth>-->
                        <!--<textoffsetx>0</textoffsetx>-->
                        <!--<onclick>ShowSubtitles</onclick>-->
                        <!--<selected>VideoPlayer.SubtitlesEnabled</selected>-->
                    <!--</control>-->
                <!--</control>-->
            <!--</control>-->
        </control>
    </controls>
</window>
