<?xml version="1.0" encoding="utf-8"?>
<shortcuts>
    <shortcut>
        <defaultID>20077</defaultID>
        <label>20077</label>
        <label2>Custom Shortcut</label2>
        <icon/>
        <thumb/>
        <action>Activatewindow(skinsettings)</action>
    </shortcut>
    <shortcut>
        <defaultID>7</defaultID>
        <label>7</label>
        <label2>Common Shortcut</label2>
        <icon>DefaultFolder.png</icon>
        <thumb/>
        <action>ActivateWindow(FileManager)</action>
    </shortcut>
    <shortcut>
        <defaultID>13200</defaultID>
        <label>13200</label>
        <label2>Common Shortcut</label2>
        <icon>UnknownUser.png</icon>
        <thumb/>
        <action>ActivateWindow(Profiles)</action>
    </shortcut>
    <shortcut>
        <defaultID>10007</defaultID>
        <label>10007</label>
        <label2>Common Shortcut</label2>
        <icon>DefaultShortcut.png</icon>
        <thumb/>
        <action>ActivateWindow(SystemInfo)</action>
    </shortcut>
</shortcuts>
